"Nom entreprise","Site web","Adresse","Telephone","Email","Siren","Siret","Effectif","Chiffre d'affaires","Département","Groupe"
"SARL BESSET","https://www.qualibat.com/resultat-de-la-recherche/sarl-besset-1497","56 AVENUE DE L'EUROPE, 07100 ANNONAY","0475670132","sarl.besset@orange.fr","4492094360","44920943600020","9",620806,7,"52"
"ETS COMBOROURE ET ASSOCIES","https://www.qualibat.com/resultat-de-la-recherche/ets-comboroure-et-associes-119962","11 PLACE MONTGOLFIER, 07270 LAMASTRE","0475064115","ets.comboroure@orange.fr","5253189940","52531899400031","3",296650,7,"52"
"CHARBONNIER PHILIPPE","https://www.qualibat.com/resultat-de-la-recherche/charbonnier-philippe-182879","333 AV DU LUMAS, 07350 CRUAS","0475514567","charbonnier.plombier@orange.fr","8812190260","88121902600013","1",153216,7,"52"
"GOMEZ ET FILS","https://www.qualibat.com/resultat-de-la-recherche/gomez-et-fils-173574","84 ROUTE DE VALS, 07200 AUBENAS","0475376763","jclaude.gomez@orange.fr","8313346100","83133461000019","3",409290,7,"52"
"CHALEAT RAPHAEL","https://www.qualibat.com/resultat-de-la-recherche/chaleat-raphael-143709","100 ROUTE DE BALANDREAU QUARTIER BALANDREAU, 07370 ECLASSAN","0475345119","raphael.chaleat07@orange.fr","5213316450","52133164500015","1",198858,7,"52"
"ROCHE JEROME","https://www.qualibat.com/resultat-de-la-recherche/roche-jerome-127415","ZA BALAGERE ZA BALAGERE, 07140 CHAMBONAS","0670639435","jerome.roche@ozone.net","5239893900","52398939000019","4",353785,7,"52"
"ENTREPRISE DUMAS ALEXANDRE","https://www.qualibat.com/resultat-de-la-recherche/entreprise-dumas-alexandre-115368","QUARTIER FENIOL, 07210 CHOMERAC","0475651876","eurydice.dumas@wanadoo.fr","4233723090","42337230900017","2",358376,7,"52"
"ESPACE PLOMBERIE 07","https://www.qualibat.com/resultat-de-la-recherche/espace-plomberie-07-178525","LES VARENNES LE VILLAGE, 07470 COUCOURON","0685994891","dj_mick_a@hotmail.fr","8141647110","81416471100016","2",320954,7,"52"
"AB PLOMBERIE","https://www.qualibat.com/resultat-de-la-recherche/ab-plomberie-148080","QUARTIER LE FLOT, 07210 CHOMERAC","0475652647","jeromenomede@gmail.com","4838997120","48389971200028","1",125936,7,"52"
"ROUVEURE ENERGIE","https://www.qualibat.com/resultat-de-la-recherche/rouveure-energie-138296","8 RUE DES ACACIAS, 07800 BEAUCHASTEL","0475622459","info@rouveure.com","4877915680","48779156800016","3",211000,7,"52"
"ABN SERVICES","https://www.qualibat.com/resultat-de-la-recherche/abn-services-121783","381 RUE BLAISE PASCAL, 07500 GUILHERAND GRANGES","0475802569","mme-exbrayat-agnes@orange.fr","7954073860","79540738600023","4",330159,7,"52"
"CARAMANNO MARC","https://www.qualibat.com/resultat-de-la-recherche/caramanno-marc-144653","91 ROUTE DE VALS BATIMENT B, 07200 AUBENAS","0475352320","direction@caramanno.fr","4942807380","49428073800027","4",289246,7,"52"
"PESENTI JEAN CLAUDE","https://www.qualibat.com/resultat-de-la-recherche/pesenti-jean-claude-175502","QUARTIER SAINT ALBAN, 07220 VIVIERS","0613634268","jeanclaude.pesenti@orange.fr","8313346360","83133463600014","5",641043,7,"52"
"REYNET ALAIN","https://www.qualibat.com/resultat-de-la-recherche/reynet-alain-189740","CHEMIN DES ARTISANS LIEU DIT TAULEAC - ZA DU LAC, 07000 PRIVAS","0622633713","reynet.froid@orange.fr","4940581590","49405815900026","9",1750000,7,"52"
"ABN SERVICES","https://www.qualibat.com/resultat-de-la-recherche/abn-services-121783","381 RUE BLAISE PASCAL, 07500 GUILHERAND GRANGES","0475802569","mme-exbrayat-agnes@orange.fr","7954073860","79540738600023","4",330159,7,"52"
"CARAMANNO MARC","https://www.qualibat.com/resultat-de-la-recherche/caramanno-marc-144653","91 ROUTE DE VALS BATIMENT B, 07200 AUBENAS","0475352320","direction@caramanno.fr","4942807380","49428073800027","4",289246,7,"52"
"PESENTI JEAN CLAUDE","https://www.qualibat.com/resultat-de-la-recherche/pesenti-jean-claude-175502","QUARTIER SAINT ALBAN, 07220 VIVIERS","0613634268","jeanclaude.pesenti@orange.fr","8313346360","83133463600014","5",641043,7,"52"
"REYNET ALAIN","https://www.qualibat.com/resultat-de-la-recherche/reynet-alain-189740","CHEMIN DES ARTISANS LIEU DIT TAULEAC - ZA DU LAC, 07000 PRIVAS","0622633713","reynet.froid@orange.fr","4940581590","49405815900026","9",1750000,7,"52"
"CROUZET MICHEL","https://www.qualibat.com/resultat-de-la-recherche/crouzet-michel-152579","LOTISSEMENT  CHANTOISEL, 07320 ST AGREVE","0475302030","michel.crouzet07320@orange.fr","8139651260","81396512600010","5",426112,7,"52"
"EURL NICOLLET","https://www.qualibat.com/resultat-de-la-recherche/eurl-nicollet-113636","380 RUE JEAN MOULIN, 07500 GUILHERAND GRANGES","0475403230","contact@nicollet-chauffage.com","3939715770","39397157700027","10",1580000,7,"52"
"COSTE DAVID","https://www.qualibat.com/resultat-de-la-recherche/coste-david-122427","394, CHEMIN DES POTIERES, 07800 ST GEORGES LES BAINS","0475608447","pc.costedavid@orange.fr","4836236170","48362361700014","2",225525,7,"52"
"BLACHE GREGORY","https://www.qualibat.com/resultat-de-la-recherche/blache-gregory-184097","42 CHEMIN DE CHAUDABRI, 07200 AUBENAS","0616308278","blachegregory@orange.fr","8836217080","88362170800014","1",240857,7,"52"
"SARL FARGIER","https://www.qualibat.com/resultat-de-la-recherche/sarl-fargier-2106","24 CHEMIN DE SAINTE CROIX ZONE INDUSTRIELLE DE RIPOTIER, 07200 AUBENAS","0475351081","sarlfargier@orange.fr","4540204960","45402049600013","8",597990,7,"52"
"DEPANNAGE CHAUDIERE GHENIA","https://www.qualibat.com/resultat-de-la-recherche/depannage-chaudiere-ghenia-122761","40 PLACE DU COLON, 07610 VION","0621147857","chauffagedepannage@orange.fr","7916576790","79165767900019","1",79000,7,"52"
"HERRERO RUDOLPH SARL","https://www.qualibat.com/resultat-de-la-recherche/herrero-rudolph-sarl-124283","LES MASSES, 07150 SALAVAS","0475371382","sarlherrero@orange.fr","4948130900","49481309000011","3",517341,7,"52"
"ESTEVE FRÈRES","https://www.qualibat.com/resultat-de-la-recherche/esteve-fr-res-1829","171 ROUTE NATIONALE, 07200 LABEGUDE","0475374172","esteve.freres@orange.fr","3863200970","38632009700028","16",1470000,7,"52"
"CRUSSOL PLOMB'ELEC ENERGIE","https://www.qualibat.com/resultat-de-la-recherche/crussol-plomb-elec-energie-111883","LE VIVIER, 07440 ALBOUSSIERE","0475800911","crussolplomberie@orange.fr","4848094880","48480948800022","8",810756,7,"52"
"ARMAND ROBERT - FILS","https://www.qualibat.com/resultat-de-la-recherche/armand-robert---fils-1591","75 PLACE DU COLIBRI, 07320 ST AGREVE","0475301108","armand.robert.sarl@cegetel.net","4407980310","44079803100017","8",841600,7,"52"
"BOIS GAEL","https://www.qualibat.com/resultat-de-la-recherche/bois-gael-131935","L'ÎLE BLAUD, 07800 BEAUCHASTEL","0475251400","gael.bois@wanadoo.fr","4836942950","48369429500021","1",150000,7,"52"
"VERILHAC BRUNO","https://www.qualibat.com/resultat-de-la-recherche/verilhac-bruno-103821","MAZOYER, 07570 DESAIGNES","0475068691","bruno.verilhac@sfr.fr","4999464570","49994645700011","7",473796,7,"52"
"ESCOFFIER EMMANUEL","https://www.qualibat.com/resultat-de-la-recherche/escoffier-emmanuel-149087","176 CHEMIN DE LA CHAPELLE, 07500 GUILHERAND GRANGES","0475439854","escoffierplomberie@yahoo.fr","4785286640","47852866400038","2",269959,7,"52"
"ADPS RISSON","https://www.qualibat.com/resultat-de-la-recherche/adps-risson-133818","505 CHEMIN DE LA CHARRIERE, 07000 COUX","0475468556","sarladpsrisson@yahoo.fr","4940787360","49407873600019","2",128000,7,"52"
"MANU SERVICES EURL","https://www.qualibat.com/resultat-de-la-recherche/manu-services-eurl-140837","210 AVENUE PIERRE MENDES FRANCE, 07350 CRUAS","0475515422","manu-services@orange.fr","4848410020","48484100200013","2",239398,7,"52"
"SOCIETE D'EXPLOITATION DES ETS ALLEON","https://www.qualibat.com/resultat-de-la-recherche/societe-d-exploitation-des-ets-alleon-1914","33, RUE CENTRALE NORD, 07370 SARRAS","0475230479","societe.alleon@orange.fr","3311200550","33112005500024","8",723076,7,"52"
"PRO'ELEC","https://www.qualibat.com/resultat-de-la-recherche/pro-elec-187071","12 RUE POLE 2000, 07500 GUILHERAND GRANGES","0475577447","sebastien@proelec2607.fr","4998350490","49983504900051","7",745000,7,"52"
"ENTREPRISE DARBOUSSET ERIC","https://www.qualibat.com/resultat-de-la-recherche/entreprise-darbousset-eric-109477","ROUTE DE LANGOGNE, 07660 LESPERON","0466694128","eric.darbousset@wanadoo.fr","3828810840","38288108400026","1",207121,7,"52"
"FAURE  ENTREPRISE SARL","https://www.qualibat.com/resultat-de-la-recherche/faure-entreprise-sarl-1731","1 PLACE SALÉON TERRAS BP 62, 07160 LE CHEYLARD","0475297475","sarl-faure@orange.fr","3316602820","33166028200012","7",530000,7,"52"
"ENTREPRISE PALAYER","https://www.qualibat.com/resultat-de-la-recherche/entreprise-palayer-152638","30 RTE DE MAISON BLANCHE, 07300 CHEMINAS","0475067526","sarlpalayer@gmail.com","4925060010","49250600100022","3",457388,7,"52"
"VALETTE ENERGIE","https://www.qualibat.com/resultat-de-la-recherche/valette-energie-70859","139 AVENUE DE GROSS UMSTADT, 07130 ST PERAY","0475405367","contact@valette-energie.fr","4902517740","49025177400017","9",1010000,7,"52"
"LB ENERGIES","https://www.qualibat.com/resultat-de-la-recherche/lb-energies-2342","LE BOSQUET, 07110 CHASSIERS","0475368122","laurent.bianco330@orange.fr","4435209370","44352093700030","2",650000,7,"52"
"SARL MOULIN-LIABEUF","https://www.qualibat.com/resultat-de-la-recherche/sarl-moulin-liabeuf-115064","LE VILLAGE, 07470 ISSARLES","0618346953","sarl.moulinliabeuf@sfr.fr","4805968810","48059688100015","2",349083,7,"52"
"BONNET EURL","https://www.qualibat.com/resultat-de-la-recherche/bonnet-eurl-106522","8 RUE DE DEUME, 07100 ANNONAY","0475332794","contact@plomberiebonnet.fr","4034100380","40341003800018","7",471646,7,"52"
"S.A.N.I.P.A.C.","https://www.qualibat.com/resultat-de-la-recherche/s-a-n-i-p-a-c--1426","8 RUE DES SOURCES, 07100 ANNONAY","0475321184","raphael.garnier@sanipac.fr","3208883240","32088832400045","44",5000000,7,"52"
"DOMINIQUE LABEILLE & FILS","https://www.qualibat.com/resultat-de-la-recherche/dominique-labeille-fils-123217","347 CHEMIN DU JEU DE MAIL, 07400 ALBA LA ROMAINE","0475524616","labeille-plomberie@orange.fr","7911569120","79115691200028","3",286188,7,"52"
"A. GRANGE & FILS","https://www.qualibat.com/resultat-de-la-recherche/a-grange-fils-78286","ZONE ARTISANALE LE FLACHER, 07340 FELINES","0475348347","contact@grange07.fr","5034628970","50346289700011","16",2790000,7,"52"
"ENGIE HOME SERVICES","https://www.qualibat.com/resultat-de-la-recherche/engie-home-services-165082","CGST SAVE 54 RUE GASTON DUCLOS, 07100 ANNONAY","0475333030","fabienne.merite@engie.com","3013405840","30134058403172","8",422000,7,"52"
"VINCENT FRANCK","https://www.qualibat.com/resultat-de-la-recherche/vincent-franck-182388","1, RUE LOUIS VINCENT, 07160 LE CHEYLARD","0475293496","fvinc.heating@gmail.com","8775014370","87750143700017","1",59012,7,"52"
"PASCAL CETTIER","https://www.qualibat.com/resultat-de-la-recherche/pascal-cettier-116543","38 AVENUE MARECHAL FOCH, 07300 TOURNON SUR RHONE","0475085862","pascal.cettier@orange.fr","4225393790","42253937900012","1",192269,7,"52"
"GRENIER FREDERIC","https://www.qualibat.com/resultat-de-la-recherche/grenier-frederic-111631","EURL GRENIER FREDERIC ZAE DE CHIRAZET, 07290 QUINTENAS","0475320091","alexandra@grenier-chauffagiste.com","4189612560","41896125600041","14",1460000,7,"52"
"ROUVEURE TECHNIQUES ENERGIES","https://www.qualibat.com/resultat-de-la-recherche/rouveure-techniques-energies-134473","11 PLACE DE LA REPUBLIQUE, 07270 LAMASTRE","0475064365","rouveure.tech@orange.fr","8046385670","80463856700011","3",425718,7,"52"
"JACOUTON MARTIAL","https://www.qualibat.com/resultat-de-la-recherche/jacouton-martial-135731","Z.A. CHAMPAGNE, 07300 TOURNON SUR RHONE","0475091793","martial.jacouton@hotmail.fr","8076234910","80762349100014","5",850000,7,"52"
"MERINOS SIMON","https://www.qualibat.com/resultat-de-la-recherche/merinos-simon-118937","14 BIS BASSE VILLE, 07800 BEAUCHASTEL","0475624940","merinos.simon@wanadoo.fr","4802177020","48021770200012","2",157800,7,"52"
"SAS DU VAL D'AY - FEASSON","https://www.qualibat.com/resultat-de-la-recherche/sas-du-val-d-ay---feasson-2287","10 CHEMIN DE CHAMP VERT DAILLON, 07290 SAINT ROMAIN D'AY","0475344808","m.feasson@plomberie-feasson.fr","4195280210","41952802100019","7",906000,7,"52"
"BONNAVE WILLIAM","https://www.qualibat.com/resultat-de-la-recherche/bonnave-william-137154","95 RUE DE L'ANCIENNE ECOLE, 07340 LIMONY","0475335267","ent.bonnave@gmail.com","7952913190","79529131900015","2",174390,7,"52"
"GARDE EMMANUEL","https://www.qualibat.com/resultat-de-la-recherche/garde-emmanuel-117355","35, IMPASSE DE LUBAC, 07300 ST JEAN DE MUZOLS","0475087469","manou.garde@orange.fr","4933495000","49334950000014","1",157026,7,"52"
"ENTREPRISE COLANGE","https://www.qualibat.com/resultat-de-la-recherche/entreprise-colange-2341","ZA DE FONTAYE 25 ROUTE DU BALAYN, 07410 ST FELICIEN","0475060248","colange07@orange.fr","4427057780","44270577800029","7",638552,7,"52"
"DUPRE FREDERIC","https://www.qualibat.com/resultat-de-la-recherche/dupre-frederic-132424","264 CHEMIN DE LAVAYAS, 07000 PRANLES","0475653881","duprefrederic@orange.fr","4514183700","45141837000016","1",158364,7,"52"
"MCLS","https://www.qualibat.com/resultat-de-la-recherche/mcls-181174","ZI CHANTECAILLE, 07430 SAINT CLAIR","0475323385","marron.michel07@orange.fr","5299464280","52994642800016","3",488542,7,"52"
"CHAM ANNONAY","https://www.qualibat.com/resultat-de-la-recherche/cham-annonay-179266","2, BOULEVARD DE LA REPUBLIQUE, 07100 ANNONAY","0475676881","cham-annonay@groupecham.fr","4447685500","44476855000972","11",1130000,7,"52"
"ENTREPRISE SORNAY","https://www.qualibat.com/resultat-de-la-recherche/entreprise-sornay-2051","ZA DES ECOLANGES RN 86, 07340 SAINT DESIRAT","0475342084","sornay@wanadoo.fr","3385399270","33853992700024","4",768250,7,"52"
"ETABLISSEMENTS GINOUX","https://www.qualibat.com/resultat-de-la-recherche/etablissements-ginoux-1493","AVENUE CLAUDE EXPILLY, 07600 VALS LES BAINS","0475374377","yann.ginoux@wanadoo.fr","3869204330","38692043300029","7",520491,7,"52"
"LARGIER TECHNOLOGIE","https://www.qualibat.com/resultat-de-la-recherche/largier-technologie-1620","7 RUE DU VOLTOUR BP 100, 07600 VALS LES BAINS","0475374229","contact@largier-technologie.fr","4022005620","40220056200013","110",16399999.999999998,7,"52"
"CHAMBON-GIRAUD","https://www.qualibat.com/resultat-de-la-recherche/chambon-giraud-1616","INNOPARC 462 AVENUE MARC SEGUIN, 07000 PRIVAS","0475641524","chambon.giraud@wanadoo.fr","4508215250","45082152500026","9",596784,7,"52"
"AIM","https://www.qualibat.com/resultat-de-la-recherche/aim-142244","570 CHEMIN DES LECHES, 07130 SOYONS","0475600646","contact@aimsolutions.fr","4514188590","45141885900018","9",1120000,7,"52"
"C.S.C.  ENTREPRISE","https://www.qualibat.com/resultat-de-la-recherche/c-s-c-entreprise-2197","8 RUE BOISSY D'ANGLAS, 07400 LE TEIL","0475490891","csc.entreprise07@orange.fr","4002131790","40021317900015","6",465000,7,"52"