"Nom entreprise","Site web","Adresse","Telephone","Email","Siren","Siret","Effectif","Chiffre d'affaires","Département","Groupe"
"SMA SARL","https://www.qualibat.com/resultat-de-la-recherche/sma-sarl-7667","49 RUE DU LION D'OR, 09700 SAVERDUN","0561603573","contact@sma09.fr","4000463630","40004636300026","4",523564,9,"86"
"SJC","https://www.qualibat.com/resultat-de-la-recherche/sjc-110770","ROUTE D'ARIGNAC, 09400 TARASCON SUR ARIEGE","0534145173","sjcuminetti@orange.fr","4900056420","49000564200015","19",2029999.9999999998,9,"86"
"ARIEGE SOUFFLAGE","https://www.qualibat.com/resultat-de-la-recherche/ariege-soufflage-150688","3 RUE MARIE CURIE, 09100 PAMIERS","0534021921","direction@occitanie-isolation.fr","8125154430","81251544300024","12",2290000,9,"86"
"MV HABITATION","https://www.qualibat.com/resultat-de-la-recherche/mv-habitation-114529","LIEU DIT "" LES DEBATS""  LE BERRETE, 09230 STE CROIX VOLVESTRE","0671159221","vb@mvhabitation.com","4175520490","41755204900047","8",335000,9,"86"
"ARTUSO SARL","https://www.qualibat.com/resultat-de-la-recherche/artuso-sarl-106616","4 CHEMIN DE LAHOUERRE, 09100 LES PUJOLS","0607089758","renzo.art@wanadoo.fr","7890428920","78904289200016","12",949583,9,"86"
"ENTREPRISE CERNY","https://www.qualibat.com/resultat-de-la-recherche/entreprise-cerny-100268","48 TER CHEMIN DE PIC, 09100 PAMIERS","0561688103","cerny.electricite@gmail.com","5082183280","50821832800013","1",140000,9,"86"
"BERTRAND ET FILS","https://www.qualibat.com/resultat-de-la-recherche/bertrand-et-fils-100067","20 AV. DU ST BARTHELEMY, 09300 MONTFERRIER","0561011709","sarlbertrandetfils@gmail.com","4802635320","48026353200024","7",513282,9,"86"
"ROUCH ENERGIES","https://www.qualibat.com/resultat-de-la-recherche/rouch-energies-118315","9 ROUTE DE VARILHES ZA PATAU, 09000 ST JEAN DE VERGES","0536330110","contact@rouchenergies.fr","5079706220","50797062200027","10",882000,9,"86"
"ANDRETTO MARC ANTOINE","https://www.qualibat.com/resultat-de-la-recherche/andretto-marc-antoine-146422","6260 RTE DE SAINTE CROIX , 09200 MONTJOIE EN COUSERANS","0616831974","andrettobatiment@gmail.com","5223492080","52234920800051","2",265810,9,"86"
"RANALDI ANTOINE","https://www.qualibat.com/resultat-de-la-recherche/ranaldi-antoine-105821","1 CHEMIN DE LA NOUGAREDE, 09300 VILLENEUVE D'OLMES","0561036648","antoine.ranaldi@sfr.fr","4874516760","48745167600018","4",436390,9,"86"
"FONTES SARL","https://www.qualibat.com/resultat-de-la-recherche/fontes-sarl-105549","ZI DE GARAOUTOU, 09270 MAZERES","0561693947","fontespeinture@orange.fr","5295684200","52956842000010","7",373930,9,"86"
"SOCIETE B.M","https://www.qualibat.com/resultat-de-la-recherche/societe-b-m-89541","4 AVENUE DE BELESTA, 09300 LAVELANET","0534140476","stebm@stebm.fr","5142139410","51421394100016","29",2760000,9,"86"
"Not found","https://www.qualibat.com/resultat-de-la-recherche/abcr-105941","Not found","Not found","Not found","Not found","Not found","Not found","Not found",9,"86"
"HIJOSA ET FILS","https://www.qualibat.com/resultat-de-la-recherche/hijosa-et-fils-89685","12 ZA CARAUD, 09500 LA BASTIDE DE BOUSIGNAC","0561600504","hijosa-et-fils@hotmail.fr","4942887800","49428878000021","13",799040,9,"86"
"ESCAYRE ALU EURL","https://www.qualibat.com/resultat-de-la-recherche/escayre-alu-eurl-75207","ESCAYRE, 09210 ST YBARS","0561084644","escayrealu@orange.fr","4334619440","43346194400012","5",379753,9,"86"
"FIRMAT SARL","https://www.qualibat.com/resultat-de-la-recherche/firmat-sarl-112027","4 ROUTE DE BELESTA, 09300 L'AIGUILLON","0679685796","sarlfirmat09@gmail.com","4151987790","41519877900019","2",335856,9,"86"
"ACRO'BAT","https://www.qualibat.com/resultat-de-la-recherche/acro-bat-118323","1 RUE HELENE BOUCHER, 09100 PAMIERS","0984405080","acrobat.yony@hotmail.fr","5035794500","50357945000027","17",1590000,9,"86"
"PEYRAT AIME ET FILS","https://www.qualibat.com/resultat-de-la-recherche/peyrat-aime-et-fils-101477","LE VILLAGE, 09140 ERCE","0561668483","peyrat.aimeetfils@orange.fr","4513245600","45132456000015","3",221735,9,"86"
"DUPUY MP","https://www.qualibat.com/resultat-de-la-recherche/dupuy-mp-69750","11 RUE GENERAL BREIL, 09700 BRIE","0561604472","dupuy-mp@orange.fr","3927595770","39275957700019","11",1440000,9,"86"
"BATILEZE SARL","https://www.qualibat.com/resultat-de-la-recherche/batileze-sarl-133284","6 B RTE DE COUECHOT, 09130 LE FOSSAT","0561685407","batileze@hotmail.com","8074732510","80747325100039","8",631083,9,"86"
"SOCIETE AUBERT BENOIT","https://www.qualibat.com/resultat-de-la-recherche/societe-aubert-benoit-176505","LA VEXANE, 09310 SINSAT","0561665489","societeaubertbenoit@gmail.com","8415348450","84153484500018","10",542000,9,"86"
"CRPI","https://www.qualibat.com/resultat-de-la-recherche/crpi-103482","45 RUE VICTOR HUGO, 09100 PAMIERS","0561688058","crpi@orange.fr","4948859080","49488590800017","3",650584,9,"86"
"BEILLAS ET FILS","https://www.qualibat.com/resultat-de-la-recherche/beillas-et-fils-100044","ZA ARBRE BLANC RUE RIGOBERTA MANCHU, 09500 MIREPOIX","0561682307","beillas.frere@orange.fr","5088375490","50883754900023","6",402625,9,"86"
"SUD ECOBAT","https://www.qualibat.com/resultat-de-la-recherche/sud-ecobat-95306","RTE DE BELESTA, 09300 ST JEAN D'AIGUES VIVES","0561011158","sud-ecobat@sfr.fr","5110033370","51100333700025","9",883206,9,"86"
"LES LOGIS D'ARIEGE","https://www.qualibat.com/resultat-de-la-recherche/les-logis-d-ariege-7638","82 RUE HENRI BECQUEREL  PARC ARTISANAL DELTA SUD , 09120 VARILHES","0561608317","infocom@logis-ariege.com","3405520820","34055208200026","16",1690000,9,"86"
"CONSTRUCTIONS DE L'HERS","https://www.qualibat.com/resultat-de-la-recherche/constructions-de-l-hers-90191","12 CHEMIN DE MIREVAL, 09600 LE PEYRAT","0561015166","constructionsdelhers@orange.fr","5296184150","52961841500010","5",226798,9,"86"
"FONTAGNE","https://www.qualibat.com/resultat-de-la-recherche/fontagne-100734","CHEMIN DE L ARBRE BLANC, 09500 MIREPOIX","0561682354","fontagne.didier@bbox.fr","3269331320","32693313200036","1",75010,9,"86"