"Nom entreprise","Site web","Adresse","Telephone","Email","Siren","Siret","Effectif","Chiffre d'affaires","Département","Groupe"
"ETABLISSEMENTS VANET","https://www.qualibat.com/resultat-de-la-recherche/etablissements-vanet-53562","321 ROUTE DU BARRAGE MACIN EST, 01420 CORBONOD","0450592011","amvanet@orange.fr","4401529160","44015291600019","5",495804,1,"71"
"PRO CHARPENTE-MENUISERIES","https://www.qualibat.com/resultat-de-la-recherche/pro-charpente-menuiseries-181337","55 IMPASSE DES VERCHERES, 01800 PEROUGES","0474376382","pro.charpente@orange.fr","8420148960","84201489600026","3",220000,1,"71"
"CARRON ET FILS ENTREPRISE","https://www.qualibat.com/resultat-de-la-recherche/carron-et-fils-entreprise-148357","PARC ACTIVAL, 01140 ST DIDIER SUR CHALARONNE","0474066592","ets.carron@gmail.com","4320113930","43201139300027","13",660370,1,"71"
"BCI","https://www.qualibat.com/resultat-de-la-recherche/bci-102459","432 RUE DES BARRONIERES, 01700 BEYNOST","0478069565","direction@bci-isolation.com","5400831510","54008315100030","46",10500000,1,"71"
"FACADES FRANCE RENOVATION 01","https://www.qualibat.com/resultat-de-la-recherche/facades-france-renovation-01-164976","EXTENSION 2 DU P.A.CHALARONNE CENTRE LIEU-DIT ETANG TENAY, 01400 CHATILLON SUR CHALARONNE","0474213895","contact@facades-france-renovation.fr","8229324300","82293243000041","16",2870000,1,"71"
"DUPENLOUP SARL","https://www.qualibat.com/resultat-de-la-recherche/dupenloup-sarl-53804","666 CHEMIN DE LA COMBE DE L'EAU, 01220 DIVONNE LES BAINS","0450201597","platrerie.dupenloup@gmail.com","3285919040","32859190400011","2",165205,1,"71"
"BOUVARD THIERRY","https://www.qualibat.com/resultat-de-la-recherche/bouvard-thierry-158109","170 CHEMIN DE LA PLAINE, 01250 JASSERON","0474250171","thierry.bouvard@orange.fr","8140934800","81409348000014","12",880216,1,"71"
"ISOLEKO","https://www.qualibat.com/resultat-de-la-recherche/isoleko-173080","ZI NORD RUE DES FRERES LUMIERES, 01400 CHATILLON SUR CHALARONNE","0474222489","contact@habitat-energia.fr","8349718890","83497188900011","2",300000,1,"71"
"RFI","https://www.qualibat.com/resultat-de-la-recherche/rfi-184790","12 PLACE DE LA COMMUNE, 01000 BOURG EN BRESSE","0428360645","contact@ravalement-facade-isolation.fr","8814316210","88143162100013","6",158949,1,"71"
"BFI","https://www.qualibat.com/resultat-de-la-recherche/bfi-181769","RUE JULES FERRY, 01480 JASSANS RIOTTIER","0983521606","contact@bfiagence.fr","8786738620","87867386200016","1",344729,1,"71"
"FOULON ISOLATION","https://www.qualibat.com/resultat-de-la-recherche/foulon-isolation-182397","686 RTE DE BOURG EN BRESSE, 01310 CONFRANCON","","foulonisolation@gmail.com","8807127160","88071271600013","3",267862,1,"71"
"PONTHUS JACQUES","https://www.qualibat.com/resultat-de-la-recherche/ponthus-jacques-118076","COROBERT 260 CHEMIN DES COTTIERES, 01660 MEZERIAT","0474302991","jacques.ponthus972@orange.fr","3840408950","38404089500011","3",172690,1,"71"
"MONNET PHILIPPE","https://www.qualibat.com/resultat-de-la-recherche/monnet-philippe-106722","REVEREND, 01330 BOULIGNEUX","0478069368","smphil@orange.fr","7505151400","75051514000010","13",1340000,1,"71"
"BAT 2 FRANCE ENVIRONNEMENT","https://www.qualibat.com/resultat-de-la-recherche/bat-2-france-environnement-190928","102 AV AMEDEE MERCIER, 01000 BOURG EN BRESSE","0643548467","bat2france.environnement@gmail.com","8951152510","89511525100012","1",1,1,"71"
"MK BAT'","https://www.qualibat.com/resultat-de-la-recherche/mk-bat--182925","322 RUE DE ROMANECHE, 01750 REPLONGES","","mkbatservices@gmail.com","8521405650","85214056500015","1",66947,1,"71"
"DAUJAT PLATRERIE PEINTURE","https://www.qualibat.com/resultat-de-la-recherche/daujat-platrerie-peinture-174075","124 IMPASSE CHAUDYS, 01340 JAYAT","00","thibault.daujat@gmail.com","8291947030","82919470300023","2",82609,1,"71"
"MAT & VELOURS","https://www.qualibat.com/resultat-de-la-recherche/mat-velours-152875","604 CHEMIN DES PLATIERES, 01390 MIONNAY","0983580559","pardoamt@yahoo.fr","8012800660","80128006600029","2",309805,1,"71"
"LOISY CHARPENTE","https://www.qualibat.com/resultat-de-la-recherche/loisy-charpente-53925","34 ALLEE DES VERNETTES, 01440 VIRIAT","0474140446","loisycharpente@orange.fr","7880420750","78804207500051","8",925161,1,"71"
"CLTF SARL","https://www.qualibat.com/resultat-de-la-recherche/cltf-sarl-79497","144 CHEMIN DES ARTISANS ZI LES SABLONNETTES, 01290 LAIZ","0385315432","contact@cltf.fr","4525537380","45255373800033","13",1290000,1,"71"
"MONTAGNINI AMENAGEMENTS INTERIEUR (M.A.I.)","https://www.qualibat.com/resultat-de-la-recherche/montagnini-amenagements-interieur-m-a-i--164766","169 R DE YENNES NATTAGES, 01300 PARVES","0613013529","info@mai73.fr","8206165630","82061656300012","2",544681,1,"71"
"PLAC ISO 2B","https://www.qualibat.com/resultat-de-la-recherche/plac-iso-2b-54261","50 ROUTE D'OYONNAX, 01100 GEOVREISSET","0474778464","borghese.alexandre@gmail.com","4193068080","41930680800017","7",532542,1,"71"
"ABI TRAVAUX","https://www.qualibat.com/resultat-de-la-recherche/abi-travaux-99243","551 ROUTE DE JAILLEUX, 01120 MONTLUEL","0478556114","contact@abi-travaux.fr","5378723430","53787234300034","20",1170000,1,"71"
"CERTIF","https://www.qualibat.com/resultat-de-la-recherche/certif-54354","ZA DE LA BOURDONNIERE, 01320 CHALAMONT","0474469644","certif@cegetel.net","4815441790","48154417900023","8",1470000,1,"71"
"TOURNEUX SYLV'AIN PLATRERIE PEINTURE","https://www.qualibat.com/resultat-de-la-recherche/tourneux-sylv-ain-platrerie-peinture-185211","4 RUE DES CHAGNAUDS, 01200 INJOUX GENISSIAT","","sylvaintourneux2@gmail.com","8492265840","84922658400019","2",138530,1,"71"
"ESPACE HABITAT","https://www.qualibat.com/resultat-de-la-recherche/espace-habitat-72728","ROUTE DE THIL ZI, 01700 BEYNOST","0472040526","contact@adhabitat.com","4512459550","45124595500021","4",1090000,1,"71"
"GILLES BATI SERVICES","https://www.qualibat.com/resultat-de-la-recherche/gilles-bati-services-127399","542 TRECONNAS, 01250 CEYZERIAT","0474471923","gillesbatiservices@bbox.fr","4353651350","43536513500019","5",430000,1,"71"
"RABUEL CONSTRUCTION SARL","https://www.qualibat.com/resultat-de-la-recherche/rabuel-construction-sarl-54038","89 RUE DU JET D'EAU, 01290 CORMORANCHE SUR SAONE","0385362258","rabuel@rabuel-construction.fr","3118220270","31182202700018","30",3830000,1,"71"
"Not found","https://www.qualibat.com/resultat-de-la-recherche/eco-logis-isolation-93630","Not found","Not found","Not found","Not found","Not found","Not found","Not found",1,"71"
"CHAMBARD MARC SARL","https://www.qualibat.com/resultat-de-la-recherche/chambard-marc-sarl-110075","217 ROUTE DE BELLEVILLE, 01090 GUEREINS","0474663004","chambardmarcsarl@orange.fr","4924319450","49243194500012","8",537515,1,"71"
"BUJ","https://www.qualibat.com/resultat-de-la-recherche/buj-150571","51 RUE DE DORTAN, 01100 OYONNAX","0474770814","sarl.buj@wanadoo.fr","4245545410","42455454100013","4",740388,1,"71"
"NEVORET RÉGIS (SARL)","https://www.qualibat.com/resultat-de-la-recherche/nevoret-r-gis-sarl--53978","ZA DE MALAVAL 25 CHEMIN JAROIS, 01851 MARBOZ","0474420233","marlene.nevoret@wanadoo.fr","4087203810","40872038100040","13",1110000,1,"71"
"PESENTI PLATRERIE PEINTURE ENTREPRISE","https://www.qualibat.com/resultat-de-la-recherche/pesenti-platrerie-peinture-entreprise-54011","475 AVENUE DE LA LIBERTE, 01110 HAUTEVILLE LOMPNES","0474353323","pesenti-decoland@orange.fr","5471200550","54712005500017","12",768449,1,"71"
"BOURG-EN-BRESSE RENOVATION","https://www.qualibat.com/resultat-de-la-recherche/bourg-en-bresse-renovation-179751","CHEMIN DE LA ZA DES METRILLOTS, 01250 MONTAGNAT","0437624943","technitoit.bourgenbresse@technitoit.com","8506155430","85061554300012","9",695663,1,"71"
"HERRADA VINCENT","https://www.qualibat.com/resultat-de-la-recherche/herrada-vincent-172449","21 GR DE BULLIEZ, 01150 LAGNIEU","","vince01150@hotmail.fr","4193694670","41936946700040","4",266600,1,"71"
"CDPI SARL","https://www.qualibat.com/resultat-de-la-recherche/cdpi-sarl-141749","793 RUE DE BOURG, 01140 ILLIAT","0474550734","contact@cdpi-amenagement.fr","4943525450","49435254500037","8",748032,1,"71"
"SOCIETE CALLY-GIRERD","https://www.qualibat.com/resultat-de-la-recherche/societe-cally-girerd-182584","1629 RUE DE MAJORNAS, 01440 VIRIAT","0474214973","contact@callygirerd.fr","8479675510","84796755100015","16",1050000,1,"71"
"ICMEN MUKREMIN CM RENOVATION","https://www.qualibat.com/resultat-de-la-recherche/icmen-mukremin-cm-renovation-88192","1019 ROUTE DU CREUX, 01750 REPLONGES","0969805347","cm.renov01@gmail.com","4442558710","44425587100030","3",850000,1,"71"
"PAUGET JOEL ET SES FILS","https://www.qualibat.com/resultat-de-la-recherche/pauget-joel-et-ses-fils-132291","4 RUE DU COMMERCE, 01460 PORT","0681635604","sarl.pauget@orange.fr","4437677770","44376777700032","7",735440,1,"71"
"MARTINEZ ENERGIES","https://www.qualibat.com/resultat-de-la-recherche/martinez-energies-184383","228,RUE  DE LA GRANGE  DU BOIS , 01160 LA TRANCLIERE","0474391238","france@isolationmartinez.fr","8827352690","88273526900020","2",114840,1,"71"
"MERCIER PEINTURE ISOLATION","https://www.qualibat.com/resultat-de-la-recherche/mercier-peinture-isolation-138159","1 RUE DE RAMBUISSON BOISSIEU, 01300 CONTREVOZ","0479873157","mercier.peinture@gmail.com","7510325250","75103252500014","8",372072,1,"71"
"LUCOBAT","https://www.qualibat.com/resultat-de-la-recherche/lucobat-163262","526 CHE DE VEISSIEUX LE HAUT, 01600 REYRIEUX","0474085326","lc.clermont@gmail.com","8222479530","82224795300018","3",419826,1,"71"
"ENTREPRISE PONCIN","https://www.qualibat.com/resultat-de-la-recherche/entreprise-poncin-54029","227 ROUTE DE MONTREVEL CHAMP JACOB, 01340 FOISSIAT","0474523923","pponcin@wanadoo.fr","3853058750","38530587500010","10",1240000,1,"71"
"ARTISANS DES 3 MONTS SARL","https://www.qualibat.com/resultat-de-la-recherche/artisans-des-3-monts-sarl-140402","ROUTE DES 3 MONTS, 01370 PRESSIAT","0469192473","contact@artisansdes3monts.com","7975175390","79751753900012","3",264936,1,"71"
"F&B RENOV","https://www.qualibat.com/resultat-de-la-recherche/f-b-renov-174076","127 IMPASSE DU FAYET, 01360 BELIGNEUX","","fbadoix@yahoo.com","8075416930","80754169300014","1",37183,1,"71"
"BOIVIN PATRICK","https://www.qualibat.com/resultat-de-la-recherche/boivin-patrick-148686","LA CROIX CHAMPILLON, 01851 MARBOZ","0474420246","pat.boivin@wanadoo.fr","4403635960","44036359600014","2",91087,1,"71"
"TECH'SOLS","https://www.qualibat.com/resultat-de-la-recherche/tech-sols-54319","ZA LA GRAVIERE, 01480 FAREINS","0474608880","n.ajot@tech-sols.fr","4179767010","41797670100025","16",2210000,1,"71"
"NJ DIFFUSION - AVENIR MURS ET TOITURES","https://www.qualibat.com/resultat-de-la-recherche/nj-diffusion---avenir-murs-et-toitures-92814","9 BIS AVENUE ARSENE D ARSONVAL, 01000 BOURG EN BRESSE","0474236496","amt01@orange.fr","4127863030","41278630300039","9",928291,1,"71"
"JOHNNY FERNANDES SAS","https://www.qualibat.com/resultat-de-la-recherche/johnny-fernandes-sas-182569","365 CHEMIN DES BAUDIERES, 01340 ATTIGNAT","","contact@sasjohnnyfernandes.fr","8775222760","87752227600014","4",400000,1,"71"
"SC RICHARD","https://www.qualibat.com/resultat-de-la-recherche/sc-richard-186668","3 RUE DU MOULIN, 01100 BELLIGNAT","0474730545","scrichard.pro@gmail.com","8846270680","88462706800015","1",1,1,"71"
"ANTONINO MONTARELLO","https://www.qualibat.com/resultat-de-la-recherche/antonino-montarello-122825","65 CHEMIN DE BOLAROS, 01150 VILLEBOIS","","antonino.montarello@sfr.fr","5077040880","50770408800016","2",321644,1,"71"
"FERRO SARL","https://www.qualibat.com/resultat-de-la-recherche/ferro-sarl-54161","32 RUE DES BURGONDES BP 53, 01100 OYONNAX","0474778862","ferro.sarl@wanadoo.fr","3832376410","38323764100030","10",738142,1,"71"
"LES COULEURS DE L'AIN","https://www.qualibat.com/resultat-de-la-recherche/les-couleurs-de-l-ain-128979","306 RUE LAVOISIER, 01960 PERONNAS","0981030496","lescouleursdelain@yahoo.fr","4919902300","49199023000022","14",1090000,1,"71"
"PETITJEAN JACKY SARL","https://www.qualibat.com/resultat-de-la-recherche/petitjean-jacky-sarl-53579","26 RUE FRANÇOIS ARAGO, 01000 BOURG EN BRESSE","0474223242","xavier@petitjean-renovation.fr","4188348750","41883487500027","11",750000,1,"71"
"MAITRE ALAIN","https://www.qualibat.com/resultat-de-la-recherche/maitre-alain-101200","228 CHEMIN DES GRANGES FLEYRIAT LE HAUT, 01440 VIRIAT","0474224500","alainmaitre@alainmaitre.fr","3344905210","33449052100047","7",294987,1,"71"
"MOIRAUD NEVEU","https://www.qualibat.com/resultat-de-la-recherche/moiraud-neveu-172474","86 GRANDE RUE, 01851 MARBOZ","0427539123","loic.moiraud@gmail.com","5275802370","52758023700024","3",309626,1,"71"
"ENTREPRISE COTTIN","https://www.qualibat.com/resultat-de-la-recherche/entreprise-cottin-136640","7 RUE JEAN MERMOZ, 01960 PERONNAS","0474258798","cindy-ent.cottin@orange.fr","4049907720","40499077200034","7",315541,1,"71"
"GT ISOLATION","https://www.qualibat.com/resultat-de-la-recherche/gt-isolation-166690","298 ROUTE DE CHAMP MARTIN, 01400 CHANOZ CHATENAY","","sasgtisolation@yahoo.com","8275505910","82755059100024","2",394235,1,"71"
"MJ LAURIA","https://www.qualibat.com/resultat-de-la-recherche/mj-lauria-173816","125 ET 791 RUE DU CHAT BOTTE ZAC DES MALLETTES, 01700 BEYNOST","0478283516","maud@mjlauria.fr","8352618500","83526185000027","6",876436,1,"71"
"EURO MACONNERIE","https://www.qualibat.com/resultat-de-la-recherche/euro-maconnerie-169295","32 RUE PASCAL, 01100 OYONNAX","0474772552","euromaconnerie@hotmail.fr","8229525030","82295250300016","4",222661,1,"71"
"FERNANDEZ-DORREGO SAS","https://www.qualibat.com/resultat-de-la-recherche/fernandez-dorrego-sas-53823","5 RUE DE L'INDUSTRIE, 01100 ARBENT","0474772185","dorrego@dorrego.fr","3842610790","38426107900022","42",2450000,1,"71"
"MACONNERIE VIVIET","https://www.qualibat.com/resultat-de-la-recherche/maconnerie-viviet-117772","3875 ROUTE DE REYSSOUZET, 01340 MONTREVEL EN BRESSE","0474254608","laurent.viviet@orange.fr","4384531100","43845311000027","5",314188,1,"71"
"FRANCE CONTROLE HABITAT","https://www.qualibat.com/resultat-de-la-recherche/france-controle-habitat-95253","390 AVENUE DES FORMANS ZAC DE FORQUEVAUX, 01600 TREVOUX","0474000686","france.controle.h@orange.fr","7540614060","75406140600023","11",1040000,1,"71"
"CURT SARL","https://www.qualibat.com/resultat-de-la-recherche/curt-sarl-54159","695 LA PLAINE, 01250 JASSERON","0474247249","curt.peinture@orange.fr","3981644180","39816441800020","13",1010000,1,"71"
"ROUSSEL TSO","https://www.qualibat.com/resultat-de-la-recherche/roussel-tso-165758","427 ROUTE DE VALEINS, 01140 ST ETIENNE SUR CHALARONNE","0681456371","contact@roussel-tso.fr","8021078470","80210784700021","1",225451,1,"71"
"AIMT","https://www.qualibat.com/resultat-de-la-recherche/aimt-136223","18 ALLÉE DU POÈTE, 01480 SAVIGNEUX","0474008886","aimt.isolation@laposte.net","8098576750","80985767500015","1",94881,1,"71"
"BCI RENOV","https://www.qualibat.com/resultat-de-la-recherche/bci-renov-190000","432 RUE DES BARRONIERES, 01700 BEYNOST","0478069565","direction@bci-isolation.com","8210325620","82103256200026","11",291618,1,"71"
"ISOLTEIX","https://www.qualibat.com/resultat-de-la-recherche/isolteix-160219","1271 ROUTE DE VEISSIEUX LE BAS, 01600 REYRIEUX","0610761612","frederic.teixeiradeoliveira@orange.fr","8144344600","81443446000022","2",235305,1,"71"
"BREVET THIERRY","https://www.qualibat.com/resultat-de-la-recherche/brevet-thierry-138543","190 RUE DES MOISONS, 01000 ST DENIS LES BOURG","0474322497","soleilpeinture@wanadoo.fr","3502996400","35029964000036","2",105600,1,"71"
"LEONELLI RENOVATION","https://www.qualibat.com/resultat-de-la-recherche/leonelli-renovation-181961","473 CHE DE JOYAMOUX, 01150 LAGNIEU","","julienchirat@icloud.com","8785782510","87857825100018","1",103069,1,"71"
"MARTINEZ ISOLATION","https://www.qualibat.com/resultat-de-la-recherche/martinez-isolation-54268","PARC D ACTIVITES ZONE SUD A 42, 01160 PONT D'AIN","0474391238","contact@isolationmartinez.fr","4843624470","48436244700035","19",4510000,1,"71"
"BATI-THERM","https://www.qualibat.com/resultat-de-la-recherche/bati-therm-90147","16 AVENUE PABLO PICASSO, 01000 BOURG EN BRESSE","0951581489","compta@bati-therm.fr","5326441270","53264412700013","6",1000000,1,"71"
"PEREZ LAURENT","https://www.qualibat.com/resultat-de-la-recherche/perez-laurent-92708","392 RUE  NEUVE, 01120 MONTLUEL","0609227200","ent.perezlaurent@yahoo.fr","3511350580","35113505800011","1",8000,1,"71"
"MGR","https://www.qualibat.com/resultat-de-la-recherche/mgr-159397","VERUPT HAMEAU, 01300 CUZIEU","0967679636","mgr.max.girerd@gmail.com","7531680120","75316801200015","3",141614,1,"71"
"C.PRO.BAT.","https://www.qualibat.com/resultat-de-la-recherche/c-pro-bat--184522","29 RUE DES SYCOMORES, 01480 JASSANS RIOTTIER","","c.pro.bat66@gmail.com","5396617280","53966172800011","4",394900,1,"71"
"ASSOBOIS","https://www.qualibat.com/resultat-de-la-recherche/assobois-90515","2690 ROUTE DE CHAVANNES, 01250 SIMANDRE SUR SURAN","0474306139","assobois@gmail.com","3523377600","35233776000024","4",246478,1,"71"
"COULEURS","https://www.qualibat.com/resultat-de-la-recherche/couleurs-135476","266 RUE PRINCIPALE, 01390 MIONNAY","0437260814","willbarcelon@hotmail.fr","4942483880","49424838800022","5",648716,1,"71"
"ALDIN EDIN BATIMENT","https://www.qualibat.com/resultat-de-la-recherche/aldin-edin-batiment-136773","1675 GRANDE RUE, 01700 MIRIBEL","0669502008","aldin_a4@hotmail.com","4891736580","48917365800027","3",446608,1,"71"
"JACQUET-VESSOT","https://www.qualibat.com/resultat-de-la-recherche/jacquet-vessot-119574","354 ROUTE DE BRUX, 01570 FEILLENS","0385301270","jacquet-vessot@orange.fr","3813405610","38134056100012","9",828437,1,"71"
"MALOD FAILLET GROSGURIN SARL","https://www.qualibat.com/resultat-de-la-recherche/malod-faillet-grosgurin-sarl-54300","355 ROUTE DU RIEZ    ZA DU GRAND CHAMP, 01640 JUJURIEUX","0474368876","malod@grosgurin-vailloud.fr","3129045840","31290458400017","15",1510000,1,"71"
"JBB PLATRERIE","https://www.qualibat.com/resultat-de-la-recherche/jbb-platrerie-173156","75 RUE DES COMBELLES LA PALLUD, 01130 ECHALLON","0474737906","bevand.platre@orange.fr","8347573380","83475733800019","1",135000,1,"71"
"LACHARME ET FILS","https://www.qualibat.com/resultat-de-la-recherche/lacharme-et-fils-171352","44 RUE DES ETANGS, 01170 CROZET","0450420301","contact@lacharme.fr","8135592260","81355922600028","6",453000,1,"71"
"LES SABOTIERS BRESSANS INTERIEUR EXTERIEUR","https://www.qualibat.com/resultat-de-la-recherche/les-sabotiers-bressans-interieur-exterieur-117537","36 ROUTE DE CURCIAT, 01560 ST TRIVIER DE COURTES","0469196506","contact@interieur-exterieur-01.com","3819842690","38198426900039","7",978251,1,"71"
"DUBY ENTREPRISE","https://www.qualibat.com/resultat-de-la-recherche/duby-entreprise-53574","68 RUE DE LA CROIX COLIN, 01750 REPLONGES","0385310169","c.duby@renaud-duby.fr","3399568720","33995687200016","25",2100000,1,"71"
"SARL A JUILLARD","https://www.qualibat.com/resultat-de-la-recherche/sarl-a-juillard-166750","ZONE ARTISANALE LES BRUYERES, 01250 JASSERON","0474214865","aurelie_juillard@hotmail.com","8196869240","81968692400013","25",3060000,1,"71"
"ISOLATION SERVICE SAS","https://www.qualibat.com/resultat-de-la-recherche/isolation-service-sas-53508","590 ROUTE DE BIESSE, 01480 FRANS","0474609297","isol.service@wanadoo.fr","3524666270","35246662700010","4",368130,1,"71"
"ARDITO JACQUET","https://www.qualibat.com/resultat-de-la-recherche/ardito-jacquet-68223","""LES RIPPES"" ZONE ARTISANALE N° 1, 01240 CERTINES","0474426183","contact@arditojacquet.com","3223859490","32238594900027","31",2460000,1,"71"
"RAVOUX FRÈRES SARL","https://www.qualibat.com/resultat-de-la-recherche/ravoux-fr-res-sarl-53604","220 ROUTE DE FALCONNET, 01400 SULIGNAT","0474556602","sarl.ravoux.freres@wanadoo.fr","7793818540","77938185400016","5",257454,1,"71"
"ARES ENERGY","https://www.qualibat.com/resultat-de-la-recherche/ares-energy-187873","35 RUE RENE NICOD, 01100 OYONNAX","0671822947","aresenergy@orange.fr","7911479030","79114790300029","3",382294,1,"71"
"CREABAT","https://www.qualibat.com/resultat-de-la-recherche/creabat-53553","119 PLACE DES HALLES, 01400 CHATILLON SUR CHALARONNE","0385519254","nj@creabat-habitat.fr","3535116110","35351161100041","10",692762,1,"71"
"GATY TRAITEMENTS ISOLATION","https://www.qualibat.com/resultat-de-la-recherche/gaty-traitements-isolation-104647","261 RUE DE L'INDUSTRIE, 01480 JASSANS RIOTTIER","0474028440","gaty.traitements-isolation@orange.fr","4534734230","45347342300037","5",719093,1,"71"
"CHRISTOPHE PERONNET","https://www.qualibat.com/resultat-de-la-recherche/christophe-peronnet-167527","259 RUE LA FONTANETTE, 01300 BREGNIER CORDON","0637353634","c.peronnet01@gmail.com","8275503360","82755033600016","3",454075,1,"71"
"ECOTEAM","https://www.qualibat.com/resultat-de-la-recherche/ecoteam-177843","23 CHEMIN DE LA TRAILLE , 01700 NEYRON","0616265127","ecoteam.lyon@outlook.fr","8188315880","81883158800038","7",544915,1,"71"
"CARRIER CHARPENTE","https://www.qualibat.com/resultat-de-la-recherche/carrier-charpente-188749","ZA LES CARRIAUX, 01110 BRENOD","0474360462","contact@carrier-charpente.fr","8853046590","88530465900018","8",1070000,1,"71"
"PARENT BRUNO","https://www.qualibat.com/resultat-de-la-recherche/parent-bruno-106729","165 ROUTE DE SAINT NIZIER, 01240 MARLIEUX","0474428215","bruno.parent0657@orange.fr","5383234780","53832347800015","2",166636,1,"71"
"SOBRAPI ISOLATION","https://www.qualibat.com/resultat-de-la-recherche/sobrapi-isolation-87507","ZAC DE LA CAMBUSE 736 RUE DE REVERMONT, 01440 VIRIAT","0474219526","sobrapi@so-group.fr","5212525690","52125256900020","17",4040000,1,"71"
"ETABLISSEMENTS GARCIA PERE ET FILS","https://www.qualibat.com/resultat-de-la-recherche/etablissements-garcia-pere-et-fils-179055","38 GRANDE RUE, 01150 SAULT BRENAZ","0673515238","contact@garciapereetfils.fr","8113481270","81134812700010","5",405560,1,"71"
"LORON PASCAL SARL","https://www.qualibat.com/resultat-de-la-recherche/loron-pascal-sarl-53930","ZONE INDUSTRIELLE ACTIVAL 20 RUE DU PLATEAU DE CHALLES, 01140 ST DIDIER SUR CHALARONNE","0474049073","contact@etsloron.fr","3924466130","39244661300011","16",1310000,1,"71"
"SADRE SOCIETE AUXILIAIRE DE RENOVATION ENERGETIQUE","https://www.qualibat.com/resultat-de-la-recherche/sadre-societe-auxiliaire-de-renovation-energetique-185769","110 ALLEE DES LILAS, 01150 ST VULBAS","","sadre-sas@orange.fr","8833692170","88336921700012","1",1,1,"71"
"LOULYV SARL","https://www.qualibat.com/resultat-de-la-recherche/loulyv-sarl-113582","ZA LA LECHERE, 01260 VIRIEU LE PETIT","0450591285","loulyv@sfr.fr","4986584830","49865848300017","1",123105,1,"71"
"DRUGUET FRERES SARL","https://www.qualibat.com/resultat-de-la-recherche/druguet-freres-sarl-54271","575 AVENUE DE MACON BP 71, 01340 MONTREVEL EN BRESSE","0474308180","contact@druguetfreres.fr","3495966500","34959665000029","19",2040000,1,"71"
"ENTREPRISE DE TRAVAUX D'ISOLATION","https://www.qualibat.com/resultat-de-la-recherche/entreprise-de-travaux-d-isolation-74406","470 CHEMIN DE LA ZA DES MÉTRILLOTS, 01250 MONTAGNAT","0474426292","contact@ssb.fr","3875562100","38755621000012","15",1350000,1,"71"
"BUGEY PEINTURE","https://www.qualibat.com/resultat-de-la-recherche/bugey-peinture-112186","ZAC DU GRAND BLOSSIEU, 01150 LAGNIEU","0474358810","bugeypeinture@orange.fr","3413790300","34137903000032","12",1280000,1,"71"
"AIN ISOLATION ET VMC","https://www.qualibat.com/resultat-de-la-recherche/ain-isolation-et-vmc-188211","51B AVENUE DE MACON, 01000 BOURG EN BRESSE","","maher.saidane@yahoo.com","8927842240","89278422400016","1",1,1,"71"
"FRAN FACADES","https://www.qualibat.com/resultat-de-la-recherche/fran-facades-54422","293 RUE LAVOISIER, 01960 PERONNAS","0437621488","contact@franfacades.fr","4176109380","41761093800041","19",3580000,1,"71"
"PONSOT BELLET SARL","https://www.qualibat.com/resultat-de-la-recherche/ponsot-bellet-sarl-54391","LA GARDE CORDIEUX, 01120 MONTLUEL","0478066735","ponsotbellet@wanadoo.fr","4828890110","48288901100011","7",720841,1,"71"
"TREBOZ & BARBIER","https://www.qualibat.com/resultat-de-la-recherche/treboz-barbier-172352","110 ALLÉE DES LUPINS, 01000 ST DENIS LES BOURG","","trebozetbarbier@gmail.com","8341998040","83419980400016","2",314359,1,"71"
"ARTISANS MENUISIERS SYMATH","https://www.qualibat.com/resultat-de-la-recherche/artisans-menuisiers-symath-125706","679 ROUTE DE NEUVILLE, 01250 VILLEREVERSURE","0474218578","menuisierssymath@gmail.com","5042271820","50422718200012","3",135000,1,"71"
"ECB LOISY","https://www.qualibat.com/resultat-de-la-recherche/ecb-loisy-78318","100 CHEMIN DES RIPPES CHILLEY, 01440 VIRIAT","0474253575","contact@ecbloisy.fr","4842014960","48420149600037","13",1120000,1,"71"
"DA COSTA JONATHAN","https://www.qualibat.com/resultat-de-la-recherche/da-costa-jonathan-158229","ROUTE DES MURES, 01300 MASSIGNIEU DE RIVES","","jon_73@hotmail.fr","5152826890","51528268900014","3",174222,1,"71"
"DECORATION BELLINI","https://www.qualibat.com/resultat-de-la-recherche/decoration-bellini-160239","382 RTE DE LYON, 01510 VIRIEU LE GRAND","0479870826","bellini.guillaume@orange.fr","5400222250","54002222500036","3",156275,1,"71"
"PASCAL COCHE","https://www.qualibat.com/resultat-de-la-recherche/pascal-coche-121271","155 RUE DE GENEVE, 01800 VILLIEU LOYES MOLLON","0474347367","pascal.coche01@orange.fr","5076726650","50767266500019","2",106473,1,"71"
"CHARDEYRON SARL","https://www.qualibat.com/resultat-de-la-recherche/chardeyron-sarl-53568","86 AVENUE DE BRESSE, 01460 MONTREAL LA CLUSE","0474761781","chardeyron@orange.fr","4533743570","45337435700011","17",1240000,1,"71"
"DESVIGNES FABRICE","https://www.qualibat.com/resultat-de-la-recherche/desvignes-fabrice-144864","BLANAZ, 01230 ST RAMBERT EN BUGEY","0474352578","fabrice.desvigne@orange.fr","4825910960","48259109600029","1",179204,1,"71"
"GALLET MICKAEL","https://www.qualibat.com/resultat-de-la-recherche/gallet-mickael-173030","438 CHE DE VACQUANT, 01240 ST PAUL DE VARAX","","gallet.mickael@orange.fr","8352969890","83529698900014","3",87215,1,"71"
"BRISET CABRAL","https://www.qualibat.com/resultat-de-la-recherche/briset-cabral-182911","39 GRANDE RUE, 01100 GROISSIAT","","brisetcabral.01@gmail.com","8797727540","87977275400021","5",277594,1,"71"
"FOULON ISOLATION","https://www.qualibat.com/resultat-de-la-recherche/foulon-isolation-182397","686 RTE DE BOURG EN BRESSE, 01310 CONFRANCON","","foulonisolation@gmail.com","8807127160","88071271600013","3",267862,1,"71"
"PONTHUS JACQUES","https://www.qualibat.com/resultat-de-la-recherche/ponthus-jacques-118076","COROBERT 260 CHEMIN DES COTTIERES, 01660 MEZERIAT","0474302991","jacques.ponthus972@orange.fr","3840408950","38404089500011","3",172690,1,"71"
"MONNET PHILIPPE","https://www.qualibat.com/resultat-de-la-recherche/monnet-philippe-106722","REVEREND, 01330 BOULIGNEUX","0478069368","smphil@orange.fr","7505151400","75051514000010","13",1340000,1,"71"
"BAT 2 FRANCE ENVIRONNEMENT","https://www.qualibat.com/resultat-de-la-recherche/bat-2-france-environnement-190928","102 AV AMEDEE MERCIER, 01000 BOURG EN BRESSE","0643548467","bat2france.environnement@gmail.com","8951152510","89511525100012","1",1,1,"71"
"MK BAT'","https://www.qualibat.com/resultat-de-la-recherche/mk-bat--182925","322 RUE DE ROMANECHE, 01750 REPLONGES","","mkbatservices@gmail.com","8521405650","85214056500015","1",66947,1,"71"
"DAUJAT PLATRERIE PEINTURE","https://www.qualibat.com/resultat-de-la-recherche/daujat-platrerie-peinture-174075","124 IMPASSE CHAUDYS, 01340 JAYAT","00","thibault.daujat@gmail.com","8291947030","82919470300023","2",82609,1,"71"
"MAT & VELOURS","https://www.qualibat.com/resultat-de-la-recherche/mat-velours-152875","604 CHEMIN DES PLATIERES, 01390 MIONNAY","0983580559","pardoamt@yahoo.fr","8012800660","80128006600029","2",309805,1,"71"
"LOISY CHARPENTE","https://www.qualibat.com/resultat-de-la-recherche/loisy-charpente-53925","34 ALLEE DES VERNETTES, 01440 VIRIAT","0474140446","loisycharpente@orange.fr","7880420750","78804207500051","8",925161,1,"71"
"CLTF SARL","https://www.qualibat.com/resultat-de-la-recherche/cltf-sarl-79497","144 CHEMIN DES ARTISANS ZI LES SABLONNETTES, 01290 LAIZ","0385315432","contact@cltf.fr","4525537380","45255373800033","13",1290000,1,"71"
"MONTAGNINI AMENAGEMENTS INTERIEUR (M.A.I.)","https://www.qualibat.com/resultat-de-la-recherche/montagnini-amenagements-interieur-m-a-i--164766","169 R DE YENNES NATTAGES, 01300 PARVES","0613013529","info@mai73.fr","8206165630","82061656300012","2",544681,1,"71"
"PLAC ISO 2B","https://www.qualibat.com/resultat-de-la-recherche/plac-iso-2b-54261","50 ROUTE D'OYONNAX, 01100 GEOVREISSET","0474778464","borghese.alexandre@gmail.com","4193068080","41930680800017","7",532542,1,"71"
"ABI TRAVAUX","https://www.qualibat.com/resultat-de-la-recherche/abi-travaux-99243","551 ROUTE DE JAILLEUX, 01120 MONTLUEL","0478556114","contact@abi-travaux.fr","5378723430","53787234300034","20",1170000,1,"71"
"CERTIF","https://www.qualibat.com/resultat-de-la-recherche/certif-54354","ZA DE LA BOURDONNIERE, 01320 CHALAMONT","0474469644","certif@cegetel.net","4815441790","48154417900023","8",1470000,1,"71"
"TOURNEUX SYLV'AIN PLATRERIE PEINTURE","https://www.qualibat.com/resultat-de-la-recherche/tourneux-sylv-ain-platrerie-peinture-185211","4 RUE DES CHAGNAUDS, 01200 INJOUX GENISSIAT","","sylvaintourneux2@gmail.com","8492265840","84922658400019","2",138530,1,"71"
"ESPACE HABITAT","https://www.qualibat.com/resultat-de-la-recherche/espace-habitat-72728","ROUTE DE THIL ZI, 01700 BEYNOST","0472040526","contact@adhabitat.com","4512459550","45124595500021","4",1090000,1,"71"
"GILLES BATI SERVICES","https://www.qualibat.com/resultat-de-la-recherche/gilles-bati-services-127399","542 TRECONNAS, 01250 CEYZERIAT","0474471923","gillesbatiservices@bbox.fr","4353651350","43536513500019","5",430000,1,"71"
"RABUEL CONSTRUCTION SARL","https://www.qualibat.com/resultat-de-la-recherche/rabuel-construction-sarl-54038","89 RUE DU JET D'EAU, 01290 CORMORANCHE SUR SAONE","0385362258","rabuel@rabuel-construction.fr","3118220270","31182202700018","30",3830000,1,"71"
"Not found","https://www.qualibat.com/resultat-de-la-recherche/eco-logis-isolation-93630","Not found","Not found","Not found","Not found","Not found","Not found","Not found",1,"71"
"CHAMBARD MARC SARL","https://www.qualibat.com/resultat-de-la-recherche/chambard-marc-sarl-110075","217 ROUTE DE BELLEVILLE, 01090 GUEREINS","0474663004","chambardmarcsarl@orange.fr","4924319450","49243194500012","8",537515,1,"71"
"BUJ","https://www.qualibat.com/resultat-de-la-recherche/buj-150571","51 RUE DE DORTAN, 01100 OYONNAX","0474770814","sarl.buj@wanadoo.fr","4245545410","42455454100013","4",740388,1,"71"
"NEVORET RÉGIS (SARL)","https://www.qualibat.com/resultat-de-la-recherche/nevoret-r-gis-sarl--53978","ZA DE MALAVAL 25 CHEMIN JAROIS, 01851 MARBOZ","0474420233","marlene.nevoret@wanadoo.fr","4087203810","40872038100040","13",1110000,1,"71"
"PESENTI PLATRERIE PEINTURE ENTREPRISE","https://www.qualibat.com/resultat-de-la-recherche/pesenti-platrerie-peinture-entreprise-54011","475 AVENUE DE LA LIBERTE, 01110 HAUTEVILLE LOMPNES","0474353323","pesenti-decoland@orange.fr","5471200550","54712005500017","12",768449,1,"71"
"BOURG-EN-BRESSE RENOVATION","https://www.qualibat.com/resultat-de-la-recherche/bourg-en-bresse-renovation-179751","CHEMIN DE LA ZA DES METRILLOTS, 01250 MONTAGNAT","0437624943","technitoit.bourgenbresse@technitoit.com","8506155430","85061554300012","9",695663,1,"71"
"HERRADA VINCENT","https://www.qualibat.com/resultat-de-la-recherche/herrada-vincent-172449","21 GR DE BULLIEZ, 01150 LAGNIEU","","vince01150@hotmail.fr","4193694670","41936946700040","4",266600,1,"71"
"CDPI SARL","https://www.qualibat.com/resultat-de-la-recherche/cdpi-sarl-141749","793 RUE DE BOURG, 01140 ILLIAT","0474550734","contact@cdpi-amenagement.fr","4943525450","49435254500037","8",748032,1,"71"
"SOCIETE CALLY-GIRERD","https://www.qualibat.com/resultat-de-la-recherche/societe-cally-girerd-182584","1629 RUE DE MAJORNAS, 01440 VIRIAT","0474214973","contact@callygirerd.fr","8479675510","84796755100015","16",1050000,1,"71"
"ICMEN MUKREMIN CM RENOVATION","https://www.qualibat.com/resultat-de-la-recherche/icmen-mukremin-cm-renovation-88192","1019 ROUTE DU CREUX, 01750 REPLONGES","0969805347","cm.renov01@gmail.com","4442558710","44425587100030","3",850000,1,"71"
"PAUGET JOEL ET SES FILS","https://www.qualibat.com/resultat-de-la-recherche/pauget-joel-et-ses-fils-132291","4 RUE DU COMMERCE, 01460 PORT","0681635604","sarl.pauget@orange.fr","4437677770","44376777700032","7",735440,1,"71"
"MARTINEZ ENERGIES","https://www.qualibat.com/resultat-de-la-recherche/martinez-energies-184383","228,RUE  DE LA GRANGE  DU BOIS , 01160 LA TRANCLIERE","0474391238","france@isolationmartinez.fr","8827352690","88273526900020","2",114840,1,"71"
"MERCIER PEINTURE ISOLATION","https://www.qualibat.com/resultat-de-la-recherche/mercier-peinture-isolation-138159","1 RUE DE RAMBUISSON BOISSIEU, 01300 CONTREVOZ","0479873157","mercier.peinture@gmail.com","7510325250","75103252500014","8",372072,1,"71"
"LUCOBAT","https://www.qualibat.com/resultat-de-la-recherche/lucobat-163262","526 CHE DE VEISSIEUX LE HAUT, 01600 REYRIEUX","0474085326","lc.clermont@gmail.com","8222479530","82224795300018","3",419826,1,"71"
"ENTREPRISE PONCIN","https://www.qualibat.com/resultat-de-la-recherche/entreprise-poncin-54029","227 ROUTE DE MONTREVEL CHAMP JACOB, 01340 FOISSIAT","0474523923","pponcin@wanadoo.fr","3853058750","38530587500010","10",1240000,1,"71"
"ARTISANS DES 3 MONTS SARL","https://www.qualibat.com/resultat-de-la-recherche/artisans-des-3-monts-sarl-140402","ROUTE DES 3 MONTS, 01370 PRESSIAT","0469192473","contact@artisansdes3monts.com","7975175390","79751753900012","3",264936,1,"71"
"F&B RENOV","https://www.qualibat.com/resultat-de-la-recherche/f-b-renov-174076","127 IMPASSE DU FAYET, 01360 BELIGNEUX","","fbadoix@yahoo.com","8075416930","80754169300014","1",37183,1,"71"
"BOIVIN PATRICK","https://www.qualibat.com/resultat-de-la-recherche/boivin-patrick-148686","LA CROIX CHAMPILLON, 01851 MARBOZ","0474420246","pat.boivin@wanadoo.fr","4403635960","44036359600014","2",91087,1,"71"
"TECH'SOLS","https://www.qualibat.com/resultat-de-la-recherche/tech-sols-54319","ZA LA GRAVIERE, 01480 FAREINS","0474608880","n.ajot@tech-sols.fr","4179767010","41797670100025","16",2210000,1,"71"
"NJ DIFFUSION - AVENIR MURS ET TOITURES","https://www.qualibat.com/resultat-de-la-recherche/nj-diffusion---avenir-murs-et-toitures-92814","9 BIS AVENUE ARSENE D ARSONVAL, 01000 BOURG EN BRESSE","0474236496","amt01@orange.fr","4127863030","41278630300039","9",928291,1,"71"
"JOHNNY FERNANDES SAS","https://www.qualibat.com/resultat-de-la-recherche/johnny-fernandes-sas-182569","365 CHEMIN DES BAUDIERES, 01340 ATTIGNAT","","contact@sasjohnnyfernandes.fr","8775222760","87752227600014","4",400000,1,"71"
"SC RICHARD","https://www.qualibat.com/resultat-de-la-recherche/sc-richard-186668","3 RUE DU MOULIN, 01100 BELLIGNAT","0474730545","scrichard.pro@gmail.com","8846270680","88462706800015","1",1,1,"71"
"ANTONINO MONTARELLO","https://www.qualibat.com/resultat-de-la-recherche/antonino-montarello-122825","65 CHEMIN DE BOLAROS, 01150 VILLEBOIS","","antonino.montarello@sfr.fr","5077040880","50770408800016","2",321644,1,"71"
"FERRO SARL","https://www.qualibat.com/resultat-de-la-recherche/ferro-sarl-54161","32 RUE DES BURGONDES BP 53, 01100 OYONNAX","0474778862","ferro.sarl@wanadoo.fr","3832376410","38323764100030","10",738142,1,"71"
"LES COULEURS DE L'AIN","https://www.qualibat.com/resultat-de-la-recherche/les-couleurs-de-l-ain-128979","306 RUE LAVOISIER, 01960 PERONNAS","0981030496","lescouleursdelain@yahoo.fr","4919902300","49199023000022","14",1090000,1,"71"
"PETITJEAN JACKY SARL","https://www.qualibat.com/resultat-de-la-recherche/petitjean-jacky-sarl-53579","26 RUE FRANÇOIS ARAGO, 01000 BOURG EN BRESSE","0474223242","xavier@petitjean-renovation.fr","4188348750","41883487500027","11",750000,1,"71"
"MAITRE ALAIN","https://www.qualibat.com/resultat-de-la-recherche/maitre-alain-101200","228 CHEMIN DES GRANGES FLEYRIAT LE HAUT, 01440 VIRIAT","0474224500","alainmaitre@alainmaitre.fr","3344905210","33449052100047","7",294987,1,"71"
"MOIRAUD NEVEU","https://www.qualibat.com/resultat-de-la-recherche/moiraud-neveu-172474","86 GRANDE RUE, 01851 MARBOZ","0427539123","loic.moiraud@gmail.com","5275802370","52758023700024","3",309626,1,"71"
"ENTREPRISE COTTIN","https://www.qualibat.com/resultat-de-la-recherche/entreprise-cottin-136640","7 RUE JEAN MERMOZ, 01960 PERONNAS","0474258798","cindy-ent.cottin@orange.fr","4049907720","40499077200034","7",315541,1,"71"
"GT ISOLATION","https://www.qualibat.com/resultat-de-la-recherche/gt-isolation-166690","298 ROUTE DE CHAMP MARTIN, 01400 CHANOZ CHATENAY","","sasgtisolation@yahoo.com","8275505910","82755059100024","2",394235,1,"71"
"MJ LAURIA","https://www.qualibat.com/resultat-de-la-recherche/mj-lauria-173816","125 ET 791 RUE DU CHAT BOTTE ZAC DES MALLETTES, 01700 BEYNOST","0478283516","maud@mjlauria.fr","8352618500","83526185000027","6",876436,1,"71"
"EURO MACONNERIE","https://www.qualibat.com/resultat-de-la-recherche/euro-maconnerie-169295","32 RUE PASCAL, 01100 OYONNAX","0474772552","euromaconnerie@hotmail.fr","8229525030","82295250300016","4",222661,1,"71"
"FERNANDEZ-DORREGO SAS","https://www.qualibat.com/resultat-de-la-recherche/fernandez-dorrego-sas-53823","5 RUE DE L'INDUSTRIE, 01100 ARBENT","0474772185","dorrego@dorrego.fr","3842610790","38426107900022","42",2450000,1,"71"
"MACONNERIE VIVIET","https://www.qualibat.com/resultat-de-la-recherche/maconnerie-viviet-117772","3875 ROUTE DE REYSSOUZET, 01340 MONTREVEL EN BRESSE","0474254608","laurent.viviet@orange.fr","4384531100","43845311000027","5",314188,1,"71"
"FRANCE CONTROLE HABITAT","https://www.qualibat.com/resultat-de-la-recherche/france-controle-habitat-95253","390 AVENUE DES FORMANS ZAC DE FORQUEVAUX, 01600 TREVOUX","0474000686","france.controle.h@orange.fr","7540614060","75406140600023","11",1040000,1,"71"
"CURT SARL","https://www.qualibat.com/resultat-de-la-recherche/curt-sarl-54159","695 LA PLAINE, 01250 JASSERON","0474247249","curt.peinture@orange.fr","3981644180","39816441800020","13",1010000,1,"71"
"ROUSSEL TSO","https://www.qualibat.com/resultat-de-la-recherche/roussel-tso-165758","427 ROUTE DE VALEINS, 01140 ST ETIENNE SUR CHALARONNE","0681456371","contact@roussel-tso.fr","8021078470","80210784700021","1",225451,1,"71"
"AIMT","https://www.qualibat.com/resultat-de-la-recherche/aimt-136223","18 ALLÉE DU POÈTE, 01480 SAVIGNEUX","0474008886","aimt.isolation@laposte.net","8098576750","80985767500015","1",94881,1,"71"
"BCI RENOV","https://www.qualibat.com/resultat-de-la-recherche/bci-renov-190000","432 RUE DES BARRONIERES, 01700 BEYNOST","0478069565","direction@bci-isolation.com","8210325620","82103256200026","11",291618,1,"71"
"ISOLTEIX","https://www.qualibat.com/resultat-de-la-recherche/isolteix-160219","1271 ROUTE DE VEISSIEUX LE BAS, 01600 REYRIEUX","0610761612","frederic.teixeiradeoliveira@orange.fr","8144344600","81443446000022","2",235305,1,"71"
"BREVET THIERRY","https://www.qualibat.com/resultat-de-la-recherche/brevet-thierry-138543","190 RUE DES MOISONS, 01000 ST DENIS LES BOURG","0474322497","soleilpeinture@wanadoo.fr","3502996400","35029964000036","2",105600,1,"71"
"LEONELLI RENOVATION","https://www.qualibat.com/resultat-de-la-recherche/leonelli-renovation-181961","473 CHE DE JOYAMOUX, 01150 LAGNIEU","","julienchirat@icloud.com","8785782510","87857825100018","1",103069,1,"71"
"MARTINEZ ISOLATION","https://www.qualibat.com/resultat-de-la-recherche/martinez-isolation-54268","PARC D ACTIVITES ZONE SUD A 42, 01160 PONT D'AIN","0474391238","contact@isolationmartinez.fr","4843624470","48436244700035","19",4510000,1,"71"
"Not found","https://www.qualibat.com/resultat-de-la-recherche/bati-therm-90147","Not found","Not found","Not found","Not found","Not found","Not found","Not found",1,"71"
"PEREZ LAURENT","https://www.qualibat.com/resultat-de-la-recherche/perez-laurent-92708","392 RUE  NEUVE, 01120 MONTLUEL","0609227200","ent.perezlaurent@yahoo.fr","3511350580","35113505800011","1",8000,1,"71"
"MGR","https://www.qualibat.com/resultat-de-la-recherche/mgr-159397","VERUPT HAMEAU, 01300 CUZIEU","0967679636","mgr.max.girerd@gmail.com","7531680120","75316801200015","3",141614,1,"71"
"C.PRO.BAT.","https://www.qualibat.com/resultat-de-la-recherche/c-pro-bat--184522","29 RUE DES SYCOMORES, 01480 JASSANS RIOTTIER","","c.pro.bat66@gmail.com","5396617280","53966172800011","4",394900,1,"71"
"ASSOBOIS","https://www.qualibat.com/resultat-de-la-recherche/assobois-90515","2690 ROUTE DE CHAVANNES, 01250 SIMANDRE SUR SURAN","0474306139","assobois@gmail.com","3523377600","35233776000024","4",246478,1,"71"
"COULEURS","https://www.qualibat.com/resultat-de-la-recherche/couleurs-135476","266 RUE PRINCIPALE, 01390 MIONNAY","0437260814","willbarcelon@hotmail.fr","4942483880","49424838800022","5",648716,1,"71"
"ALDIN EDIN BATIMENT","https://www.qualibat.com/resultat-de-la-recherche/aldin-edin-batiment-136773","1675 GRANDE RUE, 01700 MIRIBEL","0669502008","aldin_a4@hotmail.com","4891736580","48917365800027","3",446608,1,"71"
"JACQUET-VESSOT","https://www.qualibat.com/resultat-de-la-recherche/jacquet-vessot-119574","354 ROUTE DE BRUX, 01570 FEILLENS","0385301270","jacquet-vessot@orange.fr","3813405610","38134056100012","9",828437,1,"71"
"MALOD FAILLET GROSGURIN SARL","https://www.qualibat.com/resultat-de-la-recherche/malod-faillet-grosgurin-sarl-54300","355 ROUTE DU RIEZ    ZA DU GRAND CHAMP, 01640 JUJURIEUX","0474368876","malod@grosgurin-vailloud.fr","3129045840","31290458400017","15",1510000,1,"71"
"JBB PLATRERIE","https://www.qualibat.com/resultat-de-la-recherche/jbb-platrerie-173156","75 RUE DES COMBELLES LA PALLUD, 01130 ECHALLON","0474737906","bevand.platre@orange.fr","8347573380","83475733800019","1",135000,1,"71"
"LACHARME ET FILS","https://www.qualibat.com/resultat-de-la-recherche/lacharme-et-fils-171352","44 RUE DES ETANGS, 01170 CROZET","0450420301","contact@lacharme.fr","8135592260","81355922600028","6",453000,1,"71"
"LES SABOTIERS BRESSANS INTERIEUR EXTERIEUR","https://www.qualibat.com/resultat-de-la-recherche/les-sabotiers-bressans-interieur-exterieur-117537","36 ROUTE DE CURCIAT, 01560 ST TRIVIER DE COURTES","0469196506","contact@interieur-exterieur-01.com","3819842690","38198426900039","7",978251,1,"71"
"DUBY ENTREPRISE","https://www.qualibat.com/resultat-de-la-recherche/duby-entreprise-53574","68 RUE DE LA CROIX COLIN, 01750 REPLONGES","0385310169","c.duby@renaud-duby.fr","3399568720","33995687200016","25",2100000,1,"71"
"SARL A JUILLARD","https://www.qualibat.com/resultat-de-la-recherche/sarl-a-juillard-166750","ZONE ARTISANALE LES BRUYERES, 01250 JASSERON","0474214865","aurelie_juillard@hotmail.com","8196869240","81968692400013","25",3060000,1,"71"
"ISOLATION SERVICE SAS","https://www.qualibat.com/resultat-de-la-recherche/isolation-service-sas-53508","590 ROUTE DE BIESSE, 01480 FRANS","0474609297","isol.service@wanadoo.fr","3524666270","35246662700010","4",368130,1,"71"
"ARDITO JACQUET","https://www.qualibat.com/resultat-de-la-recherche/ardito-jacquet-68223","""LES RIPPES"" ZONE ARTISANALE N° 1, 01240 CERTINES","0474426183","contact@arditojacquet.com","3223859490","32238594900027","31",2460000,1,"71"
"RAVOUX FRÈRES SARL","https://www.qualibat.com/resultat-de-la-recherche/ravoux-fr-res-sarl-53604","220 ROUTE DE FALCONNET, 01400 SULIGNAT","0474556602","sarl.ravoux.freres@wanadoo.fr","7793818540","77938185400016","5",257454,1,"71"
"ARES ENERGY","https://www.qualibat.com/resultat-de-la-recherche/ares-energy-187873","35 RUE RENE NICOD, 01100 OYONNAX","0671822947","aresenergy@orange.fr","7911479030","79114790300029","3",382294,1,"71"
"CREABAT","https://www.qualibat.com/resultat-de-la-recherche/creabat-53553","119 PLACE DES HALLES, 01400 CHATILLON SUR CHALARONNE","0385519254","nj@creabat-habitat.fr","3535116110","35351161100041","10",692762,1,"71"
"GATY TRAITEMENTS ISOLATION","https://www.qualibat.com/resultat-de-la-recherche/gaty-traitements-isolation-104647","261 RUE DE L'INDUSTRIE, 01480 JASSANS RIOTTIER","0474028440","gaty.traitements-isolation@orange.fr","4534734230","45347342300037","5",719093,1,"71"
"CHRISTOPHE PERONNET","https://www.qualibat.com/resultat-de-la-recherche/christophe-peronnet-167527","259 RUE LA FONTANETTE, 01300 BREGNIER CORDON","0637353634","c.peronnet01@gmail.com","8275503360","82755033600016","3",454075,1,"71"
"ECOTEAM","https://www.qualibat.com/resultat-de-la-recherche/ecoteam-177843","23 CHEMIN DE LA TRAILLE , 01700 NEYRON","0616265127","ecoteam.lyon@outlook.fr","8188315880","81883158800038","7",544915,1,"71"
"CARRIER CHARPENTE","https://www.qualibat.com/resultat-de-la-recherche/carrier-charpente-188749","ZA LES CARRIAUX, 01110 BRENOD","0474360462","contact@carrier-charpente.fr","8853046590","88530465900018","8",1070000,1,"71"
"PARENT BRUNO","https://www.qualibat.com/resultat-de-la-recherche/parent-bruno-106729","165 ROUTE DE SAINT NIZIER, 01240 MARLIEUX","0474428215","bruno.parent0657@orange.fr","5383234780","53832347800015","2",166636,1,"71"
"SOBRAPI ISOLATION","https://www.qualibat.com/resultat-de-la-recherche/sobrapi-isolation-87507","ZAC DE LA CAMBUSE 736 RUE DE REVERMONT, 01440 VIRIAT","0474219526","sobrapi@so-group.fr","5212525690","52125256900020","17",4040000,1,"71"
"ETABLISSEMENTS GARCIA PERE ET FILS","https://www.qualibat.com/resultat-de-la-recherche/etablissements-garcia-pere-et-fils-179055","38 GRANDE RUE, 01150 SAULT BRENAZ","0673515238","contact@garciapereetfils.fr","8113481270","81134812700010","5",405560,1,"71"
"LORON PASCAL SARL","https://www.qualibat.com/resultat-de-la-recherche/loron-pascal-sarl-53930","ZONE INDUSTRIELLE ACTIVAL 20 RUE DU PLATEAU DE CHALLES, 01140 ST DIDIER SUR CHALARONNE","0474049073","contact@etsloron.fr","3924466130","39244661300011","16",1310000,1,"71"
"SADRE SOCIETE AUXILIAIRE DE RENOVATION ENERGETIQUE","https://www.qualibat.com/resultat-de-la-recherche/sadre-societe-auxiliaire-de-renovation-energetique-185769","110 ALLEE DES LILAS, 01150 ST VULBAS","","sadre-sas@orange.fr","8833692170","88336921700012","1",1,1,"71"
"LOULYV SARL","https://www.qualibat.com/resultat-de-la-recherche/loulyv-sarl-113582","ZA LA LECHERE, 01260 VIRIEU LE PETIT","0450591285","loulyv@sfr.fr","4986584830","49865848300017","1",123105,1,"71"
"DRUGUET FRERES SARL","https://www.qualibat.com/resultat-de-la-recherche/druguet-freres-sarl-54271","575 AVENUE DE MACON BP 71, 01340 MONTREVEL EN BRESSE","0474308180","contact@druguetfreres.fr","3495966500","34959665000029","19",2040000,1,"71"
"ENTREPRISE DE TRAVAUX D'ISOLATION","https://www.qualibat.com/resultat-de-la-recherche/entreprise-de-travaux-d-isolation-74406","470 CHEMIN DE LA ZA DES MÉTRILLOTS, 01250 MONTAGNAT","0474426292","contact@ssb.fr","3875562100","38755621000012","15",1350000,1,"71"
"BUGEY PEINTURE","https://www.qualibat.com/resultat-de-la-recherche/bugey-peinture-112186","ZAC DU GRAND BLOSSIEU, 01150 LAGNIEU","0474358810","bugeypeinture@orange.fr","3413790300","34137903000032","12",1280000,1,"71"
"AIN ISOLATION ET VMC","https://www.qualibat.com/resultat-de-la-recherche/ain-isolation-et-vmc-188211","51B AVENUE DE MACON, 01000 BOURG EN BRESSE","","maher.saidane@yahoo.com","8927842240","89278422400016","1",1,1,"71"
"FRAN FACADES","https://www.qualibat.com/resultat-de-la-recherche/fran-facades-54422","293 RUE LAVOISIER, 01960 PERONNAS","0437621488","contact@franfacades.fr","4176109380","41761093800041","19",3580000,1,"71"
"PONSOT BELLET SARL","https://www.qualibat.com/resultat-de-la-recherche/ponsot-bellet-sarl-54391","LA GARDE CORDIEUX, 01120 MONTLUEL","0478066735","ponsotbellet@wanadoo.fr","4828890110","48288901100011","7",720841,1,"71"
"TREBOZ & BARBIER","https://www.qualibat.com/resultat-de-la-recherche/treboz-barbier-172352","110 ALLÉE DES LUPINS, 01000 ST DENIS LES BOURG","","trebozetbarbier@gmail.com","8341998040","83419980400016","2",314359,1,"71"
"ARTISANS MENUISIERS SYMATH","https://www.qualibat.com/resultat-de-la-recherche/artisans-menuisiers-symath-125706","679 ROUTE DE NEUVILLE, 01250 VILLEREVERSURE","0474218578","menuisierssymath@gmail.com","5042271820","50422718200012","3",135000,1,"71"
"ECB LOISY","https://www.qualibat.com/resultat-de-la-recherche/ecb-loisy-78318","100 CHEMIN DES RIPPES CHILLEY, 01440 VIRIAT","0474253575","contact@ecbloisy.fr","4842014960","48420149600037","13",1120000,1,"71"
"DA COSTA JONATHAN","https://www.qualibat.com/resultat-de-la-recherche/da-costa-jonathan-158229","ROUTE DES MURES, 01300 MASSIGNIEU DE RIVES","","jon_73@hotmail.fr","5152826890","51528268900014","3",174222,1,"71"
"DECORATION BELLINI","https://www.qualibat.com/resultat-de-la-recherche/decoration-bellini-160239","382 RTE DE LYON, 01510 VIRIEU LE GRAND","0479870826","bellini.guillaume@orange.fr","5400222250","54002222500036","3",156275,1,"71"
"PASCAL COCHE","https://www.qualibat.com/resultat-de-la-recherche/pascal-coche-121271","155 RUE DE GENEVE, 01800 VILLIEU LOYES MOLLON","0474347367","pascal.coche01@orange.fr","5076726650","50767266500019","2",106473,1,"71"
"CHARDEYRON SARL","https://www.qualibat.com/resultat-de-la-recherche/chardeyron-sarl-53568","86 AVENUE DE BRESSE, 01460 MONTREAL LA CLUSE","0474761781","chardeyron@orange.fr","4533743570","45337435700011","17",1240000,1,"71"
"DESVIGNES FABRICE","https://www.qualibat.com/resultat-de-la-recherche/desvignes-fabrice-144864","BLANAZ, 01230 ST RAMBERT EN BUGEY","0474352578","fabrice.desvigne@orange.fr","4825910960","48259109600029","1",179204,1,"71"
"GALLET MICKAEL","https://www.qualibat.com/resultat-de-la-recherche/gallet-mickael-173030","438 CHE DE VACQUANT, 01240 ST PAUL DE VARAX","","gallet.mickael@orange.fr","8352969890","83529698900014","3",87215,1,"71"
"BRISET CABRAL","https://www.qualibat.com/resultat-de-la-recherche/briset-cabral-182911","39 GRANDE RUE, 01100 GROISSIAT","","brisetcabral.01@gmail.com","8797727540","87977275400021","5",277594,1,"71"