"Nom entreprise","Site web","Adresse","Telephone","Email","Siren","Siret","Effectif","Chiffre d'affaires","Département","Groupe"
"F.P.I.","https://www.qualibat.com/resultat-de-la-recherche/f-p-i--96881","Not found","Not found","Not found","7894795990","78947959900019","Adresse : 35 AVENUE VINCENT D'INDY, 3",NaN,30,"87"
"PERMEAZUR","https://www.qualibat.com/resultat-de-la-recherche/permeazur-89884","36 CHEMIN DE LA PIVOLE, 30350 CARDET","0637228770","tremelet.francois@gmail.com","5145472720","51454727200039","1",NaN,30,"87"
"SUD INFILTROMETRIE","https://www.qualibat.com/resultat-de-la-recherche/sud-infiltrometrie-102176","Not found","Not found","Not found","7989087860","79890878600014","Adresse : 250 IMPASSE DU MAS BLEU, 30250 ",NaN,30,"87"
"DIAGNOS'THERMO","https://www.qualibat.com/resultat-de-la-recherche/diagnos-thermo-89942","HAMEAU DU CAMP DEL BLAT, 30570 ST ANDRE DE MAJENCOULES","0607575814","diagnosthermo@yahoo.fr","5307391010","53073910100018","1",NaN,30,"87"
"Q4PA-SURF","https://www.qualibat.com/resultat-de-la-recherche/q4pa-surf-183305","743 RUE DE LA GARE, 30670 AIGUES VIVES","0779249946","q4pa.surf30@gmail.com","8816962640","88169626400012","1",NaN,30,"87"
"RT-BAT HABITAT","https://www.qualibat.com/resultat-de-la-recherche/rt-bat-habitat-162948","6 RUE DES EMERAUDES, 30320 MARGUERITTES","0619726155","rt.bat.habitat@gmail.com","8203939080","82039390800018","1",NaN,30,"87"
"ESON YANNICK","https://www.qualibat.com/resultat-de-la-recherche/eson-yannick-102693","299 RUE DE LA GARE, 30670 AIGUES VIVES","0666217623","contact@septy.fr","5349889850","53498898500014","1",NaN,30,"87"
"AIRTEST","https://www.qualibat.com/resultat-de-la-recherche/airtest-90995","303 CHEMIN DES COSTES, 30340 ST JULIEN LES ROSIERS","0786978229","airtest@orange.fr","5298840900","52988409000034","1",4725,30,"87"
"PCR","https://www.qualibat.com/resultat-de-la-recherche/pcr-90718","1950 AVENUE DU MARECHAL JUIN LE POLYGONE B, 30900 NIMES","0983049393","infiltrometrie@orange.fr","5201056510","52010565100027","1",20801,30,"87"
"CETII","https://www.qualibat.com/resultat-de-la-recherche/cetii-89852","1 RUE DE LA CORONELLE, 30200 BAGNOLS SUR CEZE","0466900707","nathalie.guilloux@cetii.fr","5087575310","50875753100043","4",917401,30,"87"
"BBC AIRTEST","https://www.qualibat.com/resultat-de-la-recherche/bbc-airtest-98039","510 CHEMIN DU PETIT DEVOIS, 30520 ST MARTIN DE VALGALGUES","0629373771","contact@bbcairtest.fr","7937336190","79373361900027","1",NaN,30,"87"
"MIDI DIAG","https://www.qualibat.com/resultat-de-la-recherche/midi-diag-138713","18 LES GOUSATS, 30190 ST GENIES DE MALGOIRES","0675496938","mididiag@outlook.fr","8095178400","80951784000017","1",NaN,30,"87"
"K-AIRTEST","https://www.qualibat.com/resultat-de-la-recherche/k-airtest-180779","612 CHEMIN DU MAS CHABERT  LE MAS CHABERT, 30500 ALLEGRE LES FUMADES","0626568197","k.airtest30@gmail.com","8532989900","85329899000013","1",NaN,30,"87"
"REMI BALEZ","https://www.qualibat.com/resultat-de-la-recherche/remi-balez-175537","2068 CHEMIN DE TRESPEAUX, 30100 ALES","0673134639","balez.remi@dtib.fr","8393975690","83939756900014","1",NaN,30,"87"
"MARC GARCIA","https://www.qualibat.com/resultat-de-la-recherche/marc-garcia-137582","198 RUE DE LA CANALETTE, 30220 AIGUES MORTES","0466737864","mg30api@gmail.com","7922642440","79226424400015","1",NaN,30,"87"