"Nom entreprise","Site web","Adresse","Telephone","Email","Siren","Siret","Effectif","Chiffre d'affaires","Département","Groupe"
"BROCARD SARL","https://www.qualibat.com/resultat-de-la-recherche/brocard-sarl-54476","36 RUE DES ECOLES MARZELAY, 88100 SAINT DIE","0329564517","brocard@brocard-sarl.fr","5055805480","50558054800038","14",1730000,88,"51"
"M-ENERGIES EXPLOITATION 88","https://www.qualibat.com/resultat-de-la-recherche/m-energies-exploitation-88-162541","8,RUE DE BOULAY, 88190 GOLBEY","0329312829","agence88@solorec.fr","3507492890","35074928900020","32",2410000,88,"51"
"BARET SYLVAIN","https://www.qualibat.com/resultat-de-la-recherche/baret-sylvain-83061","36 FAUBOURG DE CHARMES, 88700 RAMBERVILLERS","0329652312","entreprise.baret@orange.fr","5092768040","50927680400010","2",168777,88,"51"
"BECK NICOLAS","https://www.qualibat.com/resultat-de-la-recherche/beck-nicolas-86892","LE SAULCY 2 LA CREVOTTE, 88210 LE SAULCY","0329410290","francois.beck88@orange.fr","5149186300","51491863000013","2",134641,88,"51"
"MARTIN ET FILS SARL","https://www.qualibat.com/resultat-de-la-recherche/martin-et-fils-sarl-54907","1176 RUE DU CUCHOT ""LA POIRIE"", 88200 DOMMARTIN LES REMIREMONT","0329621186","martin.et.fils@wanadoo.fr","3381319720","33813197200014","6",523079,88,"51"
"LECOMTE SARL","https://www.qualibat.com/resultat-de-la-recherche/lecomte-sarl-54690","10 ROUTE DE SAINT DIE, 88700 JEANMENIL","0329650970","sarl.lecomte@wanadoo.fr","4533704700","45337047000024","3",489753,88,"51"
"SOCIETE NOUVELLE IMHOFF ","https://www.qualibat.com/resultat-de-la-recherche/societe-nouvelle-imhoff--192113","64 BOULEVARD KELSCH B.P. 49, 88402 GERARDMER CEDEX","0329601010","imhoff@imhoff.fr","8897090770","88970907700024","30",3990000,88,"51"
"LAGARDE FRERES","https://www.qualibat.com/resultat-de-la-recherche/lagarde-freres-55506","37   RUE DES PONCEES, 88200 ST ETIENNE LES REMIREMONT","0329622348","lagardesarl@orange.fr","4199369270","41993692700047","7",672251,88,"51"
"PIERRAT - RICHARD SARL","https://www.qualibat.com/resultat-de-la-recherche/pierrat---richard-sarl-55171","10A,RUE DES DONJONS, 88510 ELOYES","0329324163","pierratrichardsarl@orange.fr","3343675620","33436756200017","5",752524,88,"51"
"MULLER SARL","https://www.qualibat.com/resultat-de-la-recherche/muller-sarl-55612","4 ALLÉE DES MARRONNIERS PROLONGÉE, 88190 GOLBEY","0329343387","mullersarl@orange.fr","4853852720","48538527200029","8",772873,88,"51"
"GOURY PASCAL SARL","https://www.qualibat.com/resultat-de-la-recherche/goury-pascal-sarl-169058","29 ALLEE DES MARRONNIERS B.P. 82, 88194 GOLBEY CEDEX","0329312001","p.goury@goury.fr","8243183230","82431832300014","19",2640000,88,"51"
"SA'FI-PRO","https://www.qualibat.com/resultat-de-la-recherche/sa-fi-pro-184622","17B, RUE ANDRÉ VITU, 88000 EPINAL","0611945899","safi.pro@outlook.fr","8490082480","84900824800015","1",46985,88,"51"
"ETABLISSEMENTS POIRSON","https://www.qualibat.com/resultat-de-la-recherche/etablissements-poirson-54962","1, RUE DU SAINTOIS, 88170 CHATENOIS","0329064509","contact@ets-poirson.com","3316480890","33164808900026","6",615475,88,"51"
"CUNIN SAS CONTREXEVILLE","https://www.qualibat.com/resultat-de-la-recherche/cunin-sas-contrexeville-54508","617   RUE DIVISION LECLERC, 88140 CONTREXEVILLE","0329081453","ets.cunin@cunin.fr","3237094440","32370944400018","55",8940000,88,"51"
"CARAMES DAVID & FILS","https://www.qualibat.com/resultat-de-la-recherche/carames-david-fils-144546","60 RUE DE L'ANCIENNE FECULERIE, 88100 SAINT DIE","0329561805","sascaramesdavidetfils@gmail.com","8089488970","80894889700026","2",172024,88,"51"
"MAURICE ALEXANDRE SARL","https://www.qualibat.com/resultat-de-la-recherche/maurice-alexandre-sarl-54916","21 BIS, ROUTE DU THOLY GRANGES SUR VOLOGNE, 88640 GRANGES SUR VOLOGNE","0329514243","sarl-maurice.alexandre@wanadoo.fr","4389437480","43894374800022","9",1180000,88,"51"
"I.T.S. CONCEPT","https://www.qualibat.com/resultat-de-la-recherche/i-t-s-concept-141705","1, RUE DU 8 MAI, 88520 BAN DE LAVELINE","0652981644","contact@itsconcept.fr","8088940260","80889402600018","4",798346,88,"51"
"CADORIN SARL","https://www.qualibat.com/resultat-de-la-recherche/cadorin-sarl-54756","2 RUE AUGUSTE DUPHAND B.P. 139, 88304 NEUFCHATEAU CEDEX","0329940264","o.cadorin@wanadoo.fr","3524220000","35242200000013","2",430113,88,"51"
"TOUSSAINT SARL","https://www.qualibat.com/resultat-de-la-recherche/toussaint-sarl-143208","7 TER AVENUE DU GENERAL DE GAULLE, 88420 MOYENMOUTIER","0329416306","toussaintsarl88@orange.fr","4822287150","48222871500017","2",171883,88,"51"
"MATHIS PHILIP","https://www.qualibat.com/resultat-de-la-recherche/mathis-philip-54914","177  RUE DE LA CROISETTE, 88800 VITTEL","0329080102","contact@mathisetphilip.com","3798137510","37981375100045","15",2330000,88,"51"
"XOLIN  SARL","https://www.qualibat.com/resultat-de-la-recherche/xolin-sarl-54712","12 RUE MONT ROCHE, 88120 ST AME","0329612189","gerard.xolinsas@orange.fr","4016854580","40168545800028","24",1880000,88,"51"
"MG THERMIQUE","https://www.qualibat.com/resultat-de-la-recherche/mg-thermique-108057","ZA 95 ALLEE DE L'AN 2000, 88300 MONT LES NEUFCHATEAU","0607467833","mg.thermique@orange.fr","3984468560","39844685600021","1",237384,88,"51"
"GROSJEAN ET FILS S.A.S.","https://www.qualibat.com/resultat-de-la-recherche/grosjean-et-fils-s-a-s--54685","32 RUE DE LA GARE, 88340 LE VAL D'AJOL","0329306871","ent.grosjean@wanadoo.fr","3482791910","34827919100012","13",1530000,88,"51"
"ROUSSEL PATRICK SARL","https://www.qualibat.com/resultat-de-la-recherche/roussel-patrick-sarl-55537","8TER   RUE DES CHAUDRONNIERS, 88190 GOLBEY","0329341142","ets.jean.gerard@etsjeangerard.com","4841270710","48412707100039","8",696874,88,"51"
"BATI EXPRESS 88","https://www.qualibat.com/resultat-de-la-recherche/bati-express-88-181000","21, RUE CHARLES CLAVIÈRE, 88110 RAON L'ETAPE","0672275540","alaaddin.aslan@gmail.com","7983956040","79839560400027","1",50315,88,"51"
"TOTTOLI FILS SARL","https://www.qualibat.com/resultat-de-la-recherche/tottoli-fils-sarl-55457","490 RUE LE BEU, 88290 SAULXURES SUR MOSELOTTE","0329241063","sarl-tottoli@orange.fr","4120483990","41204839900015","4",254451,88,"51"
"EPP ET CIE SARL","https://www.qualibat.com/resultat-de-la-recherche/epp-et-cie-sarl-54519","4 CHEMIN DE LA COTE DE REPY, 88480 ETIVAL CLAIREFONTAINE","0329415247","fraparisot@wanadoo.fr","5070800260","50708002600036","3",287905,88,"51"
"PARMENTIER SARL","https://www.qualibat.com/resultat-de-la-recherche/parmentier-sarl-55049","7BIS RUE DES PLANESSES, 88160 RAMONCHAMP","0329250027","parmentier.raymond@wanadoo.fr","3798123400","37981234000014","17",1530000,88,"51"
"LIMAUX CHAUFFAGE","https://www.qualibat.com/resultat-de-la-recherche/limaux-chauffage-117770","ZA LA JUSTICE, 88320 ROBECOURT","0329073164","limaux.christophe@wanadoo.fr","4392528830","43925288300038","4",511523,88,"51"
"PALANGA JONATHAN","https://www.qualibat.com/resultat-de-la-recherche/palanga-jonathan-146173","7, CHEMIN DE NACHAMPS LA PECHERIE, 88100 ST DIE DES VOSGES","0614113989","jonathan.palanga@gmail.com","7524865710","75248657100025","2",274781,88,"51"
"AFONSO SAS","https://www.qualibat.com/resultat-de-la-recherche/afonso-sas-55307","6 ALLEE DES  CHENES, 88000 EPINAL","0329310055","luisafonso@afonsosas.com","3883594570","38835945700065","20",1170000,88,"51"
"SCHAEGIS FRANCIS","https://www.qualibat.com/resultat-de-la-recherche/schaegis-francis-104865","424 RUE HAUTE, 88220 HADOL","0329337048","francis.schaegis@wanadoo.fr","5315912460","53159124600016","4",475777,88,"51"
"BONALDI ET FILS SARL","https://www.qualibat.com/resultat-de-la-recherche/bonaldi-et-fils-sarl-54742","904   CHEMIN DU STAND, 88300 NEUFCHATEAU","0329940743","fred.bonaldi@wanadoo.fr","3921323200","39213232000012","1",109184,88,"51"
"LEROY SARL","https://www.qualibat.com/resultat-de-la-recherche/leroy-sarl-84200","5 AVENUE PIERRE BLANCK, 88000 EPINAL","0329310175","chauffage.leroy@orange.fr","5129743200","51297432000024","4",581000,88,"51"
"VANNSON S.A.S.","https://www.qualibat.com/resultat-de-la-recherche/vannson-s-a-s--54633","9 BIS RUE DES LIBERATEURS BP 29, 88160 LE THILLOT","0329250065","msobral@groupe-livio.com","3065502940","30655029400020","20",2900000,88,"51"
"HENRY ERIC SARL","https://www.qualibat.com/resultat-de-la-recherche/henry-eric-sarl-54847","26 RUE DES AVIOUX B.P. 31, 88350 LIFFOL LE GRAND","0329066179","henri-d@wanadoo.fr","3820408550","38204085500027","10",1160000,88,"51"
"CUNAT BERNARD ET FILS SARL","https://www.qualibat.com/resultat-de-la-recherche/cunat-bernard-et-fils-sarl-55471","7 CHEMIN DU CHARMOIS, 88120 VAGNEY","0329247482","cunatbernardetfils@orange.fr","4293254000","42932540000027","7",921193,88,"51"
"MANGEOL","https://www.qualibat.com/resultat-de-la-recherche/mangeol-83059","1 RUE DU PONT DE CHENEAU, 88200 ST ETIENNE LES REMIREMONT","0329230820","sarl.mangeol@wanadoo.fr","4387858340","43878583400021","6",555784,88,"51"
"BIGEARD JEAN-FRANCOIS SARL","https://www.qualibat.com/resultat-de-la-recherche/bigeard-jean-francois-sarl-54738","9 RUE DEVANT LA FORGE, 88480 ETIVAL CLAIREFONTAINE","0329420457","jeanfrancois.bigeard@sfr.fr","3809578520","38095785200011","3",470304,88,"51"
"CLAUDEL CPS","https://www.qualibat.com/resultat-de-la-recherche/claudel-cps-77491","4 RUE DE LA CLAIRIE, 88250 LA BRESSE","0329254183","claudelcps@orange.fr","5022685680","50226856800016","3",363147,88,"51"
"THEISEN ERIC","https://www.qualibat.com/resultat-de-la-recherche/theisen-eric-82700","219 CHEMIN DES GRANDES HYERES, 88100 STE MARGUERITE","0329583311","eric.theisen@hotmail.com","4977467500","49774675000015","9",803329,88,"51"
"ROUSSEAU LOIC SARL","https://www.qualibat.com/resultat-de-la-recherche/rousseau-loic-sarl-175607","115 RUE DU CHAUFFOUR, 88150 IGNEY","0329651241","loic.chauffage88@wanadoo.fr","8409659900","84096599000012","10",1200000,88,"51"
"CLERGET ENERGIES FLUIDES","https://www.qualibat.com/resultat-de-la-recherche/clerget-energies-fluides-88176","52 AVENUE DIVISION LECLERC, 88300 NEUFCHATEAU","0329942000","clerget-energies@orange.fr","5197646250","51976462500017","3",455267,88,"51"
"EURY S.A.S.","https://www.qualibat.com/resultat-de-la-recherche/eury-s-a-s--54522","224 VOIE CARPINI, 88130 CHARMES","0329380052","contact@eury-sas.fr","8272502910","82725029100024","20",2410000,88,"51"
"CPIS ENTREPRISE CPIS","https://www.qualibat.com/resultat-de-la-recherche/cpis-entreprise-cpis-86762","4 RUE CHRISTOPHE DENIS BP 705, 88000 EPINAL","0329820194","cpis@ecpis.fr","5217491920","52174919200022","38",5760000,88,"51"
"CUNIN EPINAL","https://www.qualibat.com/resultat-de-la-recherche/cunin-epinal-70854","1 RUE DE BEZONFOSSE SAINT LAURENT, 88000 EPINAL","0329353043","cunin.epinal@cunin.fr","3335194290","33351942900026","11",1730000,88,"51"
"BACHELARD SARL","https://www.qualibat.com/resultat-de-la-recherche/bachelard-sarl-54722","15 ROUTE LE CAILLOU, 88530 LE THOLY","0329618279","bachelard.regis@wanadoo.fr","4026758540","40267585400028","1",150373,88,"51"
"LALLEMAND SARL","https://www.qualibat.com/resultat-de-la-recherche/lallemand-sarl-55534","213 RUE DE LA FORET, 88490 LESSEUX","0329511124","isalallemand@wanadoo.fr","3234942600","32349426000033","1",284993,88,"51"
"CHANTERANNE - LEPAUL","https://www.qualibat.com/resultat-de-la-recherche/chanteranne---lepaul-54764","367, RUE D'EPINAL L'ERMITAGE, 88370 PLOMBIERES LES BAINS","0329660224","sarl.chanteranne.lepaul@gmail.com","3239624980","32396249800024","8",943306,88,"51"
"MARCOT SAS","https://www.qualibat.com/resultat-de-la-recherche/marcot-sas-188456","44  GRANDE RUE, 88120 ST AME","0329612067","sav@marcotsarl.com","8926963370","89269633700013","8",1020000,88,"51"
"COSTER JEAN-MAX SARL","https://www.qualibat.com/resultat-de-la-recherche/coster-jean-max-sarl-70855","12 AVENUE DU 17 EME BCP, 88700 RAMBERVILLERS","0329653370","jean-max.coster@wanadoo.fr","4912605840","49126058400025","10",1630000,88,"51"
"LEFEBRE ET FILS SARL","https://www.qualibat.com/resultat-de-la-recherche/lefebre-et-fils-sarl-54884","120 RUE CAMILLE PICARD, 88300 NEUFCHATEAU","0329940200","lefebre.herve@orange.fr","4326024150","43260241500023","1",95266,88,"51"