"Nom entreprise","Site web","Adresse","Telephone","Email","Siren","Siret","Effectif","Chiffre d'affaires","Département","Groupe"
"STRAWA COUVERTURE ISOLATION","https://www.qualibat.com/resultat-de-la-recherche/strawa-couverture-isolation-175494","3 RUE DU CHATEAU D EAU, 02670 CHAMPS","0680055241","entreprise.strawa@orange.fr","8412295940","84122959400012","4",202793,2,"31"
"DELEAU SARL","https://www.qualibat.com/resultat-de-la-recherche/deleau-sarl-77692","12 RUE DE LA VENDEE BP 25, 02320 PINON","0323809844","deleau02@bbox.fr","5013489080","50134890800010","5",254912,2,"31"
"CARON (ENTREPRISE)","https://www.qualibat.com/resultat-de-la-recherche/caron-entreprise--56207","RUE PRINCIPALE ZID DE L'OMOIS, 02400 BEZU ST GERMAIN","0323831050","contact@caronsa.fr","3228366020","32283660200035","19",2170000,2,"31"
"ESSIQUE COUVERTURE SAS","https://www.qualibat.com/resultat-de-la-recherche/essique-couverture-sas-78607","55 RUE DU MARECHAL JOFFRE, 02100 ST QUENTIN","0323099425","contact@essiquecouverture.fr","5032844730","50328447300066","21",2370000,2,"31"
"BATI RENOV SARL","https://www.qualibat.com/resultat-de-la-recherche/bati-renov-sarl-56196","13, AVENUE DES TILLEULS, 02580 ETREAUPONT","0323974480","contact@bati-entreprises.fr","8373801120","83738011200024","29",3090000,2,"31"
"COUVERTURE ET TRADITION","https://www.qualibat.com/resultat-de-la-recherche/couverture-et-tradition-165212","19 AVENUE DE VERDUN, 02460 LA FERTE MILON","0632306049","couverture.et.tradition@gmail.com","5225202380","52252023800018","3",268881,2,"31"
"ETABLISSEMENTS JACQUES ROUX","https://www.qualibat.com/resultat-de-la-recherche/etablissements-jacques-roux-146424","63 RUE DES GLACIS, 02100 SAINT QUENTIN","0323605249","jacques.roux20@wanadoo.fr","4220958100","42209581000020","6",427132,2,"31"
"DACC","https://www.qualibat.com/resultat-de-la-recherche/dacc-178559","3 AVENUE DE CHAMPAGNE, 02650 MEZY MOULINS","0323696598","daviotcedric@gmail.com","8214166740","82141667400025","4",193024,2,"31"
"PETRE JÉRÉMY","https://www.qualibat.com/resultat-de-la-recherche/petre-j-r-my-56805","24, RUE DU CHAMP DES LOUIS, 02220 BAZOCHES SUR VESLES","0323540952","jeremy.petre@wanadoo.fr","4412039650","44120396500013","7",473927,2,"31"
"FAUCHEUX (JOSE) EURL","https://www.qualibat.com/resultat-de-la-recherche/faucheux-jose-eurl-56574","25 BIS AVENUE DE LAON, 02870 CREPY","0323209151","geraldine@josefaucheux.com","4893184690","48931846900017","12",780951,2,"31"
"CARON COUVERTURE","https://www.qualibat.com/resultat-de-la-recherche/caron-couverture-161570","7 RUE DE ROUPY, 02590 VAUX EN VERMANDOIS","","sarl.caroncouverture@gmail.com","5337258340","53372583400014","2",210000,2,"31"
"PLASTISO","https://www.qualibat.com/resultat-de-la-recherche/plastiso-56750","204, RUE DE GUISE, 02500 HIRSON","0323987728","contact@plastiso.fr","3389195580","33891955800027","17",2570000,2,"31"
"CAP'COMBLES SARL","https://www.qualibat.com/resultat-de-la-recherche/cap-combles-sarl-56343","ROUTE NATIONALE, 02260 LA FLAMENGRIE","0323973697","contact@capcombles.fr","3791441570","37914415700011","32",3060000,2,"31"
"QUERTAINMONT PASCAL","https://www.qualibat.com/resultat-de-la-recherche/quertainmont-pascal-152283","13 IMPASSE  PARMENTIER, 02700 TERGNIER","0323574566","pascal.quertainmont@orange.fr","3978836610","39788366100035","4",306931,2,"31"
"DA SILVA DOMINIQUE & CHOTIN FRERES","https://www.qualibat.com/resultat-de-la-recherche/da-silva-dominique-chotin-freres-56547","39 RUE DE LA SEIGNEURIE , 02220 PAARS","0323540233","sarldasilvadominique@orange.fr","3224500160","32245001600017","10",402826,2,"31"
"THIEBAUT JACKY","https://www.qualibat.com/resultat-de-la-recherche/thiebaut-jacky-121609","12 RUE LOUIS FRAIX, 02270 BOIS LES PARGNY","0323806750","jacky.thiebaut198@orange.fr","3803348470","38033484700023","3",308275,2,"31"
"TOITURES SOISSONNAISES","https://www.qualibat.com/resultat-de-la-recherche/toitures-soissonnaises-56482","37 RUE DU MOULIN, 02200 SEPTMONTS","0323749838","contact@toitures-soissonnaises.fr","3269104370","32691043700036","21",1860000,2,"31"
"MALAQUIN JOACHIM","https://www.qualibat.com/resultat-de-la-recherche/malaquin-joachim-72222","41 BIS RUE DU CALVAIRE, 02340 MONTCORNET","0323214691","ets.malaquin@wanadoo.fr","4502059760","45020597600027","5",309122,2,"31"
"XAVIER PÈRE ET FILS (SARL)","https://www.qualibat.com/resultat-de-la-recherche/xavier-p-re-et-fils-sarl--56493","255 RUE SADI CARNOT, 02120 GUISE","0323610958","xavier7@wanadoo.fr","3437225420","34372254200028","28",1230000,2,"31"
"BORDET PERE ET FILS","https://www.qualibat.com/resultat-de-la-recherche/bordet-pere-et-fils-167236","15 BIS RUE DU PRÈ DES SAULES LA VOIE DU CHATEL, 02810 MARIGNY EN ORXOIS","0323704475","bordetpereetfils@orange.fr","8235937360","82359373600015","5",474870,2,"31"
"COLOMBE SEBASTIEN ","https://www.qualibat.com/resultat-de-la-recherche/colombe-sebastien--90057","LES PRES DE LA COUR, 02340 LISLET","","colombe.sebastien@wanadoo.fr","4483843540","44838435400032","10",1470000,2,"31"
"ROQUIGNY (ENTREPRISE)","https://www.qualibat.com/resultat-de-la-recherche/roquigny-entreprise--56289","1 BOULEVARD JULES FERRY B.P. 160, 02204 SOISSONS CEDEX","0323533953","contact@roquigny.fr","7163802740","71638027400010","40",4010000,2,"31"
"LEBLANC BATIMENT","https://www.qualibat.com/resultat-de-la-recherche/leblanc-batiment-20474","ZAC SOUS LES CARRIERES, 02310 CHARLY","0323824601","contact-leblanc@orange.fr","4388793060","43887930600027","28",2450000,2,"31"
"TOITURES PINONAISES","https://www.qualibat.com/resultat-de-la-recherche/toitures-pinonaises-120365","6 TER RUE ANNE MORGAN, 02200 SOISSONS","0323751561","toitures.pinonaises@orange.fr","5030350160","50303501600032","5",555906,2,"31"
"PRIEUR PÈRE ET FILS SARL","https://www.qualibat.com/resultat-de-la-recherche/prieur-p-re-et-fils-sarl-56455","1 RUE DES DEPORTES, 02300 MARIZELLE BICHANCOURT","0323521460","f.prieur.couverture@orange.fr","4047165320","40471653200019","14",1900000,2,"31"
"BCP COUVERTURE","https://www.qualibat.com/resultat-de-la-recherche/bcp-couverture-56640","RUE DE MONTIGNY, 02340 DIZY LE GROS","0323792717","bcp.couverture@orange.fr","4777589400","47775894000035","12",1430000,2,"31"
"AD CONSTRUCTION","https://www.qualibat.com/resultat-de-la-recherche/ad-construction-119236","21 RUE EMILE FALENTIN, 02110 FONSOMMES","0668074871","adconstruction.nord@yahoo.fr","5003858930","50038589300010","3",577932,2,"31"
"FONDEMENT-FLORIN SAS","https://www.qualibat.com/resultat-de-la-recherche/fondement-florin-sas-161053","12 RUE DE CHATEAUDUN, 02700 TERGNIER","0323529499","aline.florin@sfr.fr","8192527500","81925275000016","6",496136,2,"31"
"TRAVAUX NEUFS ET RENOVATION BATIMENT","https://www.qualibat.com/resultat-de-la-recherche/travaux-neufs-et-renovation-batiment-162847","10 PL DE L'EGLISE, 02160 ROUCY","0323203737","james.viquiert@wanadoo.fr","5181814740","51818147400017","3",155000,2,"31"
"CLEROY SARL","https://www.qualibat.com/resultat-de-la-recherche/cleroy-sarl-128686","32 RUE MAHIEUX, 02290 AMBLENY","0323742908","jycleroy@wanadoo.fr","4324985900","43249859000012","8",617377,2,"31"
"DUVAL PHILIPPE","https://www.qualibat.com/resultat-de-la-recherche/duval-philippe-167234","54 GRANDE RUE, 02210 HARTENNES ET TAUX","0670866371","couverture.duval@outlook.fr","8229807360","82298073600026","2",275327,2,"31"
"LAIR DIDIER","https://www.qualibat.com/resultat-de-la-recherche/lair-didier-187429","53 RUE LEON LHERMITTE, 02400 MONT ST PERE","0323836890","s.a.s.u-lair-fernandes@outlook.fr","8877272610","88772726100018","2",250956,2,"31"
"FRUMIN DAVID","https://www.qualibat.com/resultat-de-la-recherche/frumin-david-137151","RUE DE VAUX FOURCHE ZA LA FOSSELLE, 02880 BUCY LE LONG","0323750339","couverture.frumin-david@wanadoo.fr","4015355390","40153553900027","8",665149,2,"31"
"VILLEVOYE","https://www.qualibat.com/resultat-de-la-recherche/villevoye-56489","1 RUE DU CHAUFOUR, 02200 MISSY AUX BOIS","0323748457","contact@villevoye.fr","7172803330","71728033300013","24",1970000,2,"31"
"DUBOIS MICHEL","https://www.qualibat.com/resultat-de-la-recherche/dubois-michel-140150","15 RUE PAUL DOUMER, 02800 CHARMES","0323568578","sarlmicheldubois@orange.fr","4495897610","44958976100013","6",468453,2,"31"
"LETEUL TOITURE","https://www.qualibat.com/resultat-de-la-recherche/leteul-toiture-181117","4 IMP JULES MARTEAU, 02500 MARTIGNY","0323910074","leteul.toiture@yahoo.fr","8199754750","81997547500016","2",159000,2,"31"
"DESAVENELLE CYRIL","https://www.qualibat.com/resultat-de-la-recherche/desavenelle-cyril-151673","14 RUE DE BELLEU, 02200 SEPTMONTS","0323591878","desavenelle.cyril@wanadoo.fr","7502033170","75020331700011","4",255791,2,"31"
"KOZIELSKI EURL","https://www.qualibat.com/resultat-de-la-recherche/kozielski-eurl-148272","41 RUE DES TILLEULS, 02300 CAUMONT","0617755165","eurlkozielski@live.fr","7531948930","75319489300016","5",357411,2,"31"
"C.Z.M","https://www.qualibat.com/resultat-de-la-recherche/c-z-m-151307","19 RUE DANIELLE CASANOVA, 02300 OGNES","0683063979","queantmichel@live.fr","5285520290","52855202900019","1",92333,2,"31"
"HEGO","https://www.qualibat.com/resultat-de-la-recherche/hego-154798","3 RUE LE MOULIN A PAPIER, 02470 NEUILLY ST FRONT","0323719148","christophe.hego0413@orange.fr","4882668750","48826687500035","1",186828,2,"31"
"RG COUVERTURE","https://www.qualibat.com/resultat-de-la-recherche/rg-couverture-177871","2 RUE DE CELLES LES CONDE, 02330 CONDE EN BRIE","","rgcouverture77.02@gmail.com","8384795170","83847951700016","1",308081,2,"31"
"BAUDOUX CONSTRUCTIONS METALLIQUES SAS","https://www.qualibat.com/resultat-de-la-recherche/baudoux-constructions-metalliques-sas-56785","12, ROUTE DE SISSONNE, 02820 ST ERME OUTRE ET RAMECOURT","0323226377","compta@baudouxcm.com","4528077530","45280775300010","64",15680000,2,"31"
"SARL ROHANT","https://www.qualibat.com/resultat-de-la-recherche/sarl-rohant-56539","112,RUE D. ROCHEREAU, 02100 ST QUENTIN","0323088409","c.rohant@aquarec.fr","4880224010","48802240100027","6",697900,2,"31"
"ROISIN (SARL)","https://www.qualibat.com/resultat-de-la-recherche/roisin-sarl--56694","5 RUE DE SAINS, 02140 LEME","0323980706","cyrille.roisin@wanadoo.fr","4393353080","43933530800011","2",158344,2,"31"