"Nom entreprise","Site web","Adresse","Telephone","Email","Siren","Siret","Effectif","Chiffre d'affaires","Département","Groupe"
"DELTEIL REGIS","https://www.qualibat.com/resultat-de-la-recherche/delteil-regis-146683","LE BOUSQUET, 24290 AUBAS","0553519830","entreprise.delteil@yahoo.fr","4521295960","45212959600014","2",331898,24,"52"
"BRETON ANTHONY","https://www.qualibat.com/resultat-de-la-recherche/breton-anthony-157710","8 RUE DES PORTELIÈRES, 24520 MOULEYDIER","0684533917","anthonybretonsarl@orange.fr","8192628250","81926282500014","1",360476,24,"52"
"S.I.D.E.E.C.","https://www.qualibat.com/resultat-de-la-recherche/s-i-d-e-e-c--63429","72 AVENUE VICTOR HUGO, 24120 TERRASSON LA VILLEDIEU","0553505897","eric.sideec@orange.fr","3817933630","38179336300049","6",542604,24,"52"
"AURIAL JOEL","https://www.qualibat.com/resultat-de-la-recherche/aurial-joel-117439","6 RUE ROGER BONIFACE LES CHAUMES, 24600 RIBERAC","0553912726","joel.aurial@orange.fr","5133659240","51336592400010","2",208696,24,"52"
"OUCHAOU RACHID","https://www.qualibat.com/resultat-de-la-recherche/ouchaou-rachid-123113","22 RUE VICTOR HUGO, 24000 PERIGUEUX","0686365039","alloplombier24@orange.fr","4790282680","47902826800015","1",155183,24,"52"
"PRO ENERGIE","https://www.qualibat.com/resultat-de-la-recherche/pro-energie-103072","RUE DU VIEUX PUITS , 24750 CHAMPCEVINEL","0670001013","contact@pro-energie.fr","7975749020","79757490200038","6",505788,24,"52"
"DEPANNAGE GAZ","https://www.qualibat.com/resultat-de-la-recherche/depannage-gaz-118304","52 RUE DU DOCTEUR ROUX, 24100 BERGERAC","0553573842","patricia2.depannage.gaz.bergerac@orange.fr","3949398470","39493984700023","11",1220000,24,"52"
"SAINT MARC FRANCOIS","https://www.qualibat.com/resultat-de-la-recherche/saint-marc-francois-147101","CABANETAS, 24130 GINESTET","","saint-marc.francois@orange.fr","8123130470","81231304700019","1",141995,24,"52"
"CERISE TECHNIQUES","https://www.qualibat.com/resultat-de-la-recherche/cerise-techniques-88059","CARREFOUR DE BOSFRAISSE, 24700 MENESPLET","0553807276","contact-ct@cerise-techniques.com","3985372090","39853720900015","44",3600000,24,"52"
"ENT COMMERY","https://www.qualibat.com/resultat-de-la-recherche/ent-commery-163167","12 ALL DE LA FORET, 24420 ANTONNE ET TRIGONANT","0622473402","ent.commery@gmail.com","8212135350","82121353500015","1",163669,24,"52"
"MUNOZ CRUCES CRISTOBAL","https://www.qualibat.com/resultat-de-la-recherche/munoz-cruces-cristobal-119631","28 IMPASSE MOULIN DE CANSELADE, 24100 BERGERAC","0553740351","munoz.cristobal@free.fr","4302125970","43021259700024","2",138000,24,"52"
"ATSE BORDES","https://www.qualibat.com/resultat-de-la-recherche/atse-bordes-63572","ZA LES QUATRE ROUTES, 24590 ST GENIES","0553590981","contact@atse-bordes.fr","3449822440","34498224400024","41",5370000,24,"52"
"MARQUANT ETS","https://www.qualibat.com/resultat-de-la-recherche/marquant-ets-77665","104 RUE CLAIRAT, 24100 BERGERAC","0553636679","sarl.marquant@orange.fr","5014238340","50142383400024","14",1900000,24,"52"
"BROUSSE SARL","https://www.qualibat.com/resultat-de-la-recherche/brousse-sarl-101679","LE PAS DE LA BOUYGUE, 24590 JAYAC","0553288244","sarlbrousse24@orange.fr","4513235700","45132357000015","6",403646,24,"52"
"THERMIC ELEC SERVICES","https://www.qualibat.com/resultat-de-la-recherche/thermic-elec-services-109202","3 RUE OLYMPE DE GOUGES, 24750 BOULAZAC","0553096838","thermic-elec-services985@wanadoo.fr","4781744440","47817444400016","1",73053,24,"52"
"TECHN ""Y"" CHAUFFAGE","https://www.qualibat.com/resultat-de-la-recherche/techn-y-chauffage-115521","LES BIARNEIX, 24110 LEGUILLAC DE L'AUCHE","0553534085","techny.chauffage@orange.fr","5193276700","51932767000013","5",447656,24,"52"
"BERGERAC CHAUFFAGE","https://www.qualibat.com/resultat-de-la-recherche/bergerac-chauffage-105653","5 CHEMIN DES COUTETS, 24100 CREYSSE","0553584872","bergerac-chauffage@orange.fr","5073847090","50738470900014","3",380923,24,"52"
"ARANDA PIERRE","https://www.qualibat.com/resultat-de-la-recherche/aranda-pierre-128854","13 IMPASSE PIERRE CORNEILLE, 24750 ATUR","0614744448","pierre.0024@hotmail.fr","5343258570","53432585700017","4",340000,24,"52"
"RASPIENGEAS MAX","https://www.qualibat.com/resultat-de-la-recherche/raspiengeas-max-136456","4 ROUTE DE TOCANE, 24350 TOCANE ST APRE","0553900641","maxraspiengeas@orange.fr","4847459300","48474593000020","1",129667,24,"52"
"EMMANUEL GROS","https://www.qualibat.com/resultat-de-la-recherche/emmanuel-gros-136839","LES MOULINEAUX, 24700 MONTPON MENESTEROL","0671854336","e.grosplomberie@gmail.com","7900583090","79005830900010","2",278685,24,"52"
"AMBIANCE CHAUFFAGE","https://www.qualibat.com/resultat-de-la-recherche/ambiance-chauffage-160400","29 CHEMIN DE PECORAL COMBE VALETTE, 24150 COUZE ET ST FRONT","0553613662","ambiance-chauffage24@orange.fr","4824817440","48248174400027","1",268000,24,"52"
"TREMOUILLE & FILS (SARL)","https://www.qualibat.com/resultat-de-la-recherche/tremouille-fils-sarl--63439","LE BOURG, 24590 ST GENIES","0553289852","vincent.tremouille@wanadoo.fr","3399875960","33998759600014","5",309980,24,"52"
"BESSE FABRICE","https://www.qualibat.com/resultat-de-la-recherche/besse-fabrice-125860","FONTANAUD, 24310 BIRAS","0553055738","fabricebesse@hotmail.fr","4832491570","48324915700015","3",115500,24,"52"
"BOUYSSOU PHILIPPE","https://www.qualibat.com/resultat-de-la-recherche/bouyssou-philippe-123784","30 AVENUE VICTOR HUGO, 24120 TERRASSON LA VILLEDIEU","0553501476","bouyssouph@yahoo.fr","4385321780","43853217800029","2",137526,24,"52"
"RINGOOT (SARL)","https://www.qualibat.com/resultat-de-la-recherche/ringoot-sarl--63409","SUDALISSANT B.P.96, 24203 SARLAT CEDEX","0553590634","sarl.ringoot@wanadoo.fr","3538624440","35386244400026","16",1600000,24,"52"
"NGF","https://www.qualibat.com/resultat-de-la-recherche/ngf-111171","9 PLACE MALBEC, 24100 BERGERAC","0553241523","ngf.chauffage@orange.fr","5375821810","53758218100013","3",287325,24,"52"
"ETABLISSEMENTS GRINFAN","https://www.qualibat.com/resultat-de-la-recherche/etablissements-grinfan-148579","LE BOURG, 24250 ST MARTIAL DE NABIRAT","0553284403","grinfan@orange.fr","4831051440","48310514400016","10",697612,24,"52"
"JMB SERVICE","https://www.qualibat.com/resultat-de-la-recherche/jmb-service-167835","24 RUE DE LA SOURCE, 24000 PERIGUEUX","0689370969","jmbservices24@orange.fr","4778556390","47785563900019","1",78257,24,"52"
"ESTEVE FLORENT","https://www.qualibat.com/resultat-de-la-recherche/esteve-florent-116414","6 BOUCLE DES GUILLANEAUX, 24230 VELINES","0689165382","","7534132930","75341329300014","1",69200,24,"52"
"CHAUD D'HIER ET D'AUJOURD'HUI","https://www.qualibat.com/resultat-de-la-recherche/chaud-d-hier-et-d-aujourd-hui-156301","17 PLACE SISLEY, 24420 ANTONNE ET TRIGONANT","0553045923","chaud-hieretd-aujourd-hui@orange.fr","8151750700","81517507000011","1",91820,24,"52"
"DORDOGNE SANITAIRE CHAUFFAGE LAMBLIN","https://www.qualibat.com/resultat-de-la-recherche/dordogne-sanitaire-chauffage-lamblin-183573","44 CRS SAINT GEORGES, 24000 PERIGUEUX","0665090393","dsc.lamblin@gmail.com","8805117040","88051170400012","3",140000,24,"52"
"AST 24","https://www.qualibat.com/resultat-de-la-recherche/ast-24-167222","848 ROUTE DE SAINT LEON LIEU DIT LAVAURE, 24110 ST ASTIER","0676313880","marceauleroy01@gmail.com","8251395120","82513951200024","5",702946,24,"52"
"ENTREPRISE FOURNIAL (SARL)","https://www.qualibat.com/resultat-de-la-recherche/entreprise-fournial-sarl--63691","7, ROUTE DU STADE, 24200 SARLAT LA CANEDA","0553312644","sarl.fournial@orange.fr","4821827630","48218276300029","7",588702,24,"52"
"MARTY ENERGIES SAS","https://www.qualibat.com/resultat-de-la-recherche/marty-energies-sas-63475","65, RUE PIERRE SÉMARD, 24000 PERIGUEUX","0553089527","contact@martyenergies.fr","3135890200","31358902000020","20",1930000,24,"52"
"REP 24","https://www.qualibat.com/resultat-de-la-recherche/rep-24-63715","172, AVENUE WINSTON CHURCHILL B.P. 14, 24660 COULOUNIEIX CHAMIERS","0553531232","s.mouni@rep.services","4142756360","41427563600010","6",533197,24,"52"
"SALLERON SYLVAIN","https://www.qualibat.com/resultat-de-la-recherche/salleron-sylvain-63421","143-145, BOULEVARD DU PETIT CHANGE, 24000 PERIGUEUX","0553532099","s.pena@salleron.fr","3924554320","39245543200022","24",2870000,24,"52"
"NEGRIER LIONEL","https://www.qualibat.com/resultat-de-la-recherche/negrier-lionel-104130","REBIERE, 24110 ST ASTIER","0553046139","lionel.negrier0890@orange.fr","4775032130","47750321300019","1",73570,24,"52"
"SASU MA PETITE ENTREPRISE","https://www.qualibat.com/resultat-de-la-recherche/sasu-ma-petite-entreprise-116675","14 CITE LES COUSTALS, 24150 VARENNES","0685764719","mpeplombierchauffagiste@gmail.com","8017797110","80177971100010","1",186843,24,"52"
"PEUCH J.P.C.","https://www.qualibat.com/resultat-de-la-recherche/peuch-j-p-c--63455","21 RUE DE SAINT YRIEIX, 24270 PAYZAC","0553527034","sarlpeuch@orange.fr","4198918170","41989181700019","2",138463,24,"52"
"MICHAUD STEPHANE","https://www.qualibat.com/resultat-de-la-recherche/michaud-stephane-126418","LA GONDIE, 24160 ST MARTIAL D'ALBAREDE","0688226391","chauffage.michaud@orange.fr","4443246770","44432467700012","2",186956,24,"52"
"CASSIER MICHEL","https://www.qualibat.com/resultat-de-la-recherche/cassier-michel-126010","29 RUE DES VAURES, 24100 BERGERAC","0608685337","michel.cassier@orange.fr","3303800800","33038008000029","2",339864,24,"52"
"DELHORBE SAS","https://www.qualibat.com/resultat-de-la-recherche/delhorbe-sas-146353","ZAE ROUFFILLAC, 24370 CARLUX","0553297411","chris.delh@orange.fr","4415350690","44153506900021","3",390578,24,"52"
"BALSERA","https://www.qualibat.com/resultat-de-la-recherche/balsera-113684","29 BOULEVARD DE LA RÉSISTANCE, 24150 LALINDE","0605374287","sarlbalsera@gmail.com","7932348320","79323483200020","5",806980,24,"52"
"BRAUN FRANÇOIS","https://www.qualibat.com/resultat-de-la-recherche/braun-fran-ois-157869","LIEU DIT VILLAC, 24640 CUBJAC","0553053677","f.braun0192@orange.fr","8106832500","81068325000023","4",380392,24,"52"
"SANI-CHAUF'2000 (SARL)","https://www.qualibat.com/resultat-de-la-recherche/sani-chauf-2000-sarl--63717","30, RUE DES SPORTS, 24000 PERIGUEUX","0553042657","compta.chanseau@orange.fr","4288788130","42887881300024","5",325430,24,"52"
"CEDRIC PROCIEWICZ","https://www.qualibat.com/resultat-de-la-recherche/cedric-prociewicz-106293","LIEU DIT TREMOUILH, 24150 COUZE ET ST FRONT","0553589970","cedric.prociewicz@orange.fr","4991569250","49915692500038","4",419682,24,"52"
"CONFORT CHAUFFAGE SANITAIRE CRESPIN","https://www.qualibat.com/resultat-de-la-recherche/confort-chauffage-sanitaire-crespin-63461","AVENUE HENRY DELUC, 24750 BOULAZAC","0553532327","ccs.crespin@wanadoo.fr","4510980400","45109804000038","13",917129,24,"52"
"CONFORT CHAUFFAGE (SARL)","https://www.qualibat.com/resultat-de-la-recherche/confort-chauffage-sarl--63453","TOUS VENTS, 24360 PIEGUT PLUVIERS","0553565285","contact@confort-chauffage.fr","3007021720","30070217200010","12",1020000,24,"52"
"AUTHIER FABRICE","https://www.qualibat.com/resultat-de-la-recherche/authier-fabrice-157246","LES PLACES, 24160 ST GERMAIN DES PRES","0553625942","fabrice.authier24@orange.fr","7525568860","75255688600014","1",115668,24,"52"
"JMV","https://www.qualibat.com/resultat-de-la-recherche/jmv-138852","LE QUEYROU, 24520 ST GERMAIN ET MONS","0553631774","jean-michel.vidot@wanadoo.fr","4916294810","49162948100020","1",86427,24,"52"
"CARLET HERVE","https://www.qualibat.com/resultat-de-la-recherche/carlet-herve-137309","34 ROUTE DU PERIGORD POURPRE, 24230 MONTCARET","","contact@carletsanitelec.fr","4341781170","43417811700041","2",158584,24,"52"
"BEGANTON LAURENT","https://www.qualibat.com/resultat-de-la-recherche/beganton-laurent-106547","2 IMPASSE BOIELDIEU, 24100 BERGERAC","0553630071","laurent.beganton@wanadoo.fr","5389050920","53890509200010","1",71117,24,"52"
"TURLET GABRIEL","https://www.qualibat.com/resultat-de-la-recherche/turlet-gabriel-175354","5 ROUTE DE MONTAZEAU, 24230 VELINES","0609763843","gabriel.turlet@dbmail.com","3344436780","33444367800027","1",44763,24,"52"
"EURL ETABLISSEMENTS MOREAU FILS","https://www.qualibat.com/resultat-de-la-recherche/eurl-etablissements-moreau-fils-147206","LES PHILIPPONS ST MICHEL DE RIVIERE, 24490 LA ROCHE CHALAIS","0553914630","","8121453650","81214536500019","1",83925,24,"52"
"CHAM PERIGUEUX","https://www.qualibat.com/resultat-de-la-recherche/cham-perigueux-109388","14 RUE GABRIEL LACUEILLE, 24000 PERIGUEUX","0553532050","cham-perigueux@groupecham.fr","4447685500","44476855000568","12",693767,24,"52"
"VERGINES CHAUFFAGE","https://www.qualibat.com/resultat-de-la-recherche/vergines-chauffage-164024","525 RTE DES RIVACHAUDS, 24520 COURS DE PILE","0614310304","tvergines@gmail.com","8207739500","82077395000010","1",162507,24,"52"
"BARRE DANIEL","https://www.qualibat.com/resultat-de-la-recherche/barre-daniel-139132","LA RIVIERE, 24120 TERRASSON LA VILLEDIEU","0553513860","daniel.barre17@sfr.fr","5196452200","51964522000012","2",179600,24,"52"
"ADRIEN PLOMBERIE CHAUFFAGE","https://www.qualibat.com/resultat-de-la-recherche/adrien-plomberie-chauffage-105053","LE BOURG, 24700 ST SAUVEUR LALANDE","0553804179","adrien.chauffage@orange.fr","4933319790","49333197900010","6",454279,24,"52"
"SARL MAZIERE","https://www.qualibat.com/resultat-de-la-recherche/sarl-maziere-116536","12 RUE DES CARRIERES, 24400 ST FRONT DE PRADOUX","0553820927","maziere.jeanluc@orange.fr","3493331950","34933319500031","8",500000,24,"52"
"DUVERNEUIL CHRISTOPHE","https://www.qualibat.com/resultat-de-la-recherche/duverneuil-christophe-132956","LIEU DIT FARGES, 24160 ST MARTIAL D'ALBAREDE","0687359237","christophe-duverneuil@orange.fr","4296905630","42969056300029","1",97297,24,"52"
"LES PLOMBIERS DU PERIGORD VERT","https://www.qualibat.com/resultat-de-la-recherche/les-plombiers-du-perigord-vert-144415","LA FONT DU QUART, 24470 ST PARDOUX LA RIVIERE","","jeremyboucaud24@gmail.com","8095125690","80951256900017","1",88185,24,"52"
"GRELLETY SARL (JACQUES)","https://www.qualibat.com/resultat-de-la-recherche/grellety-sarl-jacques--63562","PELLUGUE, 24510 STE ALVERE","0553228826","sarl@grellety.fr","4104084540","41040845400016","5",544213,24,"52"
"REALINOV","https://www.qualibat.com/resultat-de-la-recherche/realinov-163928","LESCURETIE OUEST, 24140 MAURENS","0524104532","contact@realinov.com","8223747730","82237477300015","3",305192,24,"52"
"CONSTANT FREDERIC","https://www.qualibat.com/resultat-de-la-recherche/constant-frederic-106295","LE DRILLOU, 24600 ST SULPICE DE ROUMAGNAC","0553908513","frederic.constant0529@orange.fr","4502052570","45020525700022","1",139306,24,"52"
"TORRENT","https://www.qualibat.com/resultat-de-la-recherche/torrent-110777","18 RUE JEAN DUMAS, 24660 COULOUNIEIX CHAMIERS","0553097175","dominique.torrent179@orange.fr","5010078760","50100787600011","2",172300,24,"52"
"RAPEAU FREDERIC","https://www.qualibat.com/resultat-de-la-recherche/rapeau-frederic-119632","LIEU DIT LA POSTE, 24410 PUYMANGOU","0611696541","rapeaufrederic@wanadoo.fr","3389208870","33892088700019","3",325857,24,"52"
"FRANCK DELAGE","https://www.qualibat.com/resultat-de-la-recherche/franck-delage-117275","LES COURRIERES, 24310 BRANTOME","0553057817","delage.fils@orange.fr","4502420520","45024205200022","4",408939,24,"52"
"KERGROACH CHRISTOPHE","https://www.qualibat.com/resultat-de-la-recherche/kergroach-christophe-156701","306 IMPASSE DU FUSELIER, 24350 LA CHAPELLE GONAGUET","0629389368","ent.kergroach@hotmail.fr","4995426370","49954263700024","4",432677,24,"52"
"LACOTTE PIERRE SARL","https://www.qualibat.com/resultat-de-la-recherche/lacotte-pierre-sarl-122054","23 PLACE DU CHAMP DE FOIRE, 24800 THIVIERS","0553550470","sarl.lacotte@wanadoo.fr","4781064040","47810640400013","12",800794,24,"52"
"SEIXAS TONY","https://www.qualibat.com/resultat-de-la-recherche/seixas-tony-148961","CAUBESSE, 24200 SARLAT LA CANEDA","0553304917","tony.seixas@wanadoo.fr","4512699550","45126995500022","5",365088,24,"52"
"GAUME ENERGIES","https://www.qualibat.com/resultat-de-la-recherche/gaume-energies-153025","211 RUE GALILEE CREAVALLEE NORD, 24660 COULOUNIEIX CHAMIERS","0553541137","cgaume@gaume-energies.fr","8139645660","81396456600026","10",1010000,24,"52"
"ENGIE HOME SERVICES","https://www.qualibat.com/resultat-de-la-recherche/engie-home-services-121121","1 BOULEVARD DE L'HORIZON, 24430 MARSAC SUR L'ISLE","0553091131","perigueux.homeservices@engie.com","3013405840","30134058406712","21",1530000,24,"52"
"JML PLOMBERIE","https://www.qualibat.com/resultat-de-la-recherche/jml-plomberie-107292","13 RUE JEAN JAURES, 24110 ST ASTIER","0553078227","jmlplomberie24@gmail.com","4479880490","44798804900048","1",124292,24,"52"
"THERMIQUE-SERVICE (SARL)","https://www.qualibat.com/resultat-de-la-recherche/thermique-service-sarl--63497","143-145, BLD DU PETIT CHANGE, 24000 PERIGUEUX","0553536440","contact@thermique-service.fr","3377768760","33777687600027","12",1120000,24,"52"
"COUDRAY SERGE - DI 24","https://www.qualibat.com/resultat-de-la-recherche/coudray-serge---di-24-63585","LA GRAFEUILLE, 24330 ST PIERRE DE CHIGNAC","0553075238","di24@orange.fr","3948544670","39485446700013","2",144082,24,"52"
"JAMOT","https://www.qualibat.com/resultat-de-la-recherche/jamot-118923","LES CHAUMES NORD ZONE INDUSTRIELLE, 24600 RIBERAC","0553901389","jc.laville@entreprise-jamot.com","3418891860","34188918600027","32",4240000,24,"52"
"BOISSON ELECTRICITE SERVICES","https://www.qualibat.com/resultat-de-la-recherche/boisson-electricite-services-116280","LIEU DIT BLANQUINE, 24110 ST ASTIER","0553098049","cedricboisson@hotmail.fr","5019970760","50199707600028","1",103413,24,"52"
"ALVES SARL","https://www.qualibat.com/resultat-de-la-recherche/alves-sarl-97975","36 AVENUE JEAN JAURÈS, 24750 BOULAZAC","0553098993","alves.sarl@gmail.com","4504486750","45044867500014","8",746370,24,"52"
"FLS SAS","https://www.qualibat.com/resultat-de-la-recherche/fls-sas-164772","37 RUE DE LA STATION, 24000 PERIGUEUX","0637800351","contact@faurelavaudservices.fr","8233817850","82338178500018","3",168313,24,"52"
"AUVEZERE SERVICES","https://www.qualibat.com/resultat-de-la-recherche/auvezere-services-105343","SUR LE CLAUD EST, 24640 STE EULALIE D'ANS","0686561947","auvezereservices24@gmail.com","4812573760","48125737600014","1",143500,24,"52"
"CANOVAS DAVID","https://www.qualibat.com/resultat-de-la-recherche/canovas-david-104805","VEZILLAC, 24140 ST MARTIN DES COMBES","0553821296","david.canovas@orange.fr","4814624060","48146240600010","4",320019,24,"52"
"DEPANNAGE GAZ","https://www.qualibat.com/resultat-de-la-recherche/depannage-gaz-114207","1 RUE DES ALSACIENS, 24750 BOULAZAC","0553084742","contact@depannagegaz-aubin.fr","5094528840","50945288400018","12",1330000,24,"52"
"DELPERIER STEPHANE","https://www.qualibat.com/resultat-de-la-recherche/delperier-stephane-138029","33 RUE LACOMBE, 24000 PERIGUEUX","0553086355","stephane.delperier@orange.fr","4431454870","44314548700015","2",123023,24,"52"
"BENOIT JEAN JACQUES","https://www.qualibat.com/resultat-de-la-recherche/benoit-jean-jacques-164090","LE POUCH, 24560 ST AUBIN DE LANQUAIS","0553243527","benoit.jean-jacques@wanadoo.fr","4319458150","43194581500014","1",58939,24,"52"
"CARAVACA SARL","https://www.qualibat.com/resultat-de-la-recherche/caravaca-sarl-63525","ROUTE DE FONTAINE, 24340 MAREUIL","0553563046","caravacasarl@orange.fr","4913270780","49132707800011","3",295901,24,"52"
"BOCQUIER THERMIQUE","https://www.qualibat.com/resultat-de-la-recherche/bocquier-thermique-143493","ZA LE BOIS DES CHENES, 24320 LA TOUR BLANCHE","0553911414","bocquierthermique@orange.fr","7900705440","79007054400024","11",996766,24,"52"
"SIBEYRE DENIS","https://www.qualibat.com/resultat-de-la-recherche/sibeyre-denis-125884","CHAUMEZERIE, 24750 CHAMPCEVINEL","0553463997","sibeyre.denis@free.fr","4978690730","49786907300021","1",93934,24,"52"
"RAIMUNDO VICTOR","https://www.qualibat.com/resultat-de-la-recherche/raimundo-victor-142378","29 IMPASSE GABRIEL TRIBIER CHAVAGNAC, 24120 LES COTEAUX PERIGOURDINS","0553510855","raimundo.victor@wanadoo.fr","4243750380","42437503800017","1",121588,24,"52"
"JULIEN DOUSSEAU","https://www.qualibat.com/resultat-de-la-recherche/julien-dousseau-161694","LA ROUSSIE, 24370 CAZOULES","0651322476","dousseau.julien@gmail.com","8187143470","81871434700015","4",283975,24,"52"
"RENOV 24","https://www.qualibat.com/resultat-de-la-recherche/renov-24-134216","36 AVENUE DES EGLANTIERS, 24660 COULOUNIEIX CHAMIERS","0553463569","renov24@orange.fr","4503292060","45032920600012","3",380899,24,"52"
"CHARRON SARL (JEAN FRANCOIS)","https://www.qualibat.com/resultat-de-la-recherche/charron-sarl-jean-francois--63268","53 AVENUE HENRY DELUC BOULAZAC, 24750 BOULAZAC ISLE MANOIRE","0553455969","jfcharron@wanadoo.fr","3849806370","38498063700027","13",1450000,24,"52"
"DOMO 24","https://www.qualibat.com/resultat-de-la-recherche/domo-24-118122","8 AVENUE DE LA GARE, 24290 MONTIGNAC","0553504636","magalie@domo24.fr","4282853730","42828537300034","10",1060000,24,"52"
"BEAUDOUT EDDIE","https://www.qualibat.com/resultat-de-la-recherche/beaudout-eddie-111172","31 AVENUE GUY DE LARIGAUDIE, 24600 RIBERAC","0553909303","beaudout.eddie@orange.fr","4024269020","40242690200027","4",429372,24,"52"
"MARIN JEAN","https://www.qualibat.com/resultat-de-la-recherche/marin-jean-132393","12 ROUTE D'AGEN, 24100 BERGERAC","0553577861","jean.marin@orange.fr","3333781560","33337815600025","1",164910,24,"52"
"LEGAY CHRISTOPHE","https://www.qualibat.com/resultat-de-la-recherche/legay-christophe-117968","28 RUE RENAUDAT, 24130 PRIGONRIEUX","0634632970","yagel24@sfr.fr","7914840900","79148409000018","1",158702,24,"52"
"BOTTON FRERES (ETABLISSEMENTS)","https://www.qualibat.com/resultat-de-la-recherche/botton-freres-etablissements--63243","13 RUE DES HEROS DE LA RESISTANCE, 24400 MUSSIDAN","0553810183","sarl-botton-freres@wanadoo.fr","3345359600","33453596000010","7",411954,24,"52"
"LAUTRETTE-CELERIER","https://www.qualibat.com/resultat-de-la-recherche/lautrette-celerier-178756","LA BORIE BASSE, 24700 ST MARTIAL D'ARTENSET","0553822703","sarllautrettecelerier@orange.fr","8387238560","83872385600012","6",616366,24,"52"
"ALGLAVE SAS","https://www.qualibat.com/resultat-de-la-recherche/alglave-sas-157665","16 ROUTE DE BEAUMONT, 24540 MONPAZIER","0553634981","renealglave@orange.fr","8175470030","81754700300019","3",278188,24,"52"
"ROUBY ET FILS (SARL)","https://www.qualibat.com/resultat-de-la-recherche/rouby-et-fils-sarl--63414","RUE DU DOCTEUR LADOUCH, 24410 ST AULAYE","0553908293","rouby.sarl@orange.fr","4451386700","44513867000010","10",697185,24,"52"
"DURUBLE (SARL)","https://www.qualibat.com/resultat-de-la-recherche/duruble-sarl--63294","49 ROUTE DE BRIVE, 24570 LE LARDIN ST LAZARE","0553512647","duruble-sarl@wanadoo.fr","3266489870","32664898700013","5",226200,24,"52"
"ETS PHILIPPE CLER","https://www.qualibat.com/resultat-de-la-recherche/ets-philippe-cler-141272","LA MOULINE, 24250 GROLEJAC","0553303000","contact@sascler.com","4538107980","45381079800034","8",977304,24,"52"
"SARL CHAUVEAU","https://www.qualibat.com/resultat-de-la-recherche/sarl-chauveau-122324","12 ROUTE DES GRAVES  LE MONTEIL, 24680 LAMONZIE ST MARTIN","0608014082","sarlchauveau@orange.fr","4838425300","48384253000022","1",81599,24,"52"
"EURL BUQUIN","https://www.qualibat.com/resultat-de-la-recherche/eurl-buquin-135500","CHEZ BIDOU, 24600 ALLEMANS","0553914649","eurl.buquin@orange.fr","4780335330","47803353300017","3",143076,24,"52"
"FROID CUISINE 24 PCSE","https://www.qualibat.com/resultat-de-la-recherche/froid-cuisine-24-pcse-117769","LIEU DIT LA GARELIE CRE@VALLEE NORD, 24660 COULOUNIEIX CHAMIERS","0553062057","c.rochais@froidcuisine24.fr","5316841990","53168419900023","4",836000,24,"52"
"GOMILA FRERES","https://www.qualibat.com/resultat-de-la-recherche/gomila-freres-151806","LAROCAL SAINTE SABINE BORN, 24440 BEAUMONTOIS EN PERIGORD","0553741363","gomila.freres@orange.fr","4905699510","49056995100018","2",168901,24,"52"
"SALAT ARNAUD","https://www.qualibat.com/resultat-de-la-recherche/salat-arnaud-63651","CHEZ LE PERE, 24300 ST MARTIAL DE VALETTE","0553567946","a.salat@orange.fr","3989379200","39893792000021","1",156000,24,"52"
"ROCHEFORT FABRICE","https://www.qualibat.com/resultat-de-la-recherche/rochefort-fabrice-95956","1 ZA DE LA ROQUE, 24100 CREYSSE","0553739715","assistance-chauffage2@wanadoo.fr","4384933710","43849337100043","7",762340,24,"52"
"AGIRENERGY","https://www.qualibat.com/resultat-de-la-recherche/agirenergy-158553","LE BOURG, 24640 STE EULALIE D'ANS","0553506884","agirenergy@orange.fr","5094766440","50947664400026","16",3510000,24,"52"
"LAMBERT & FILS ETS","https://www.qualibat.com/resultat-de-la-recherche/lambert-fils-ets-63337","47BIS, RUE JULES MICHELET, 24100 BERGERAC","0553571737","contact@etscharleslambert.fr","5565200540","55652005400058","9",682813,24,"52"
"CHANCEL HERVE","https://www.qualibat.com/resultat-de-la-recherche/chancel-herve-115256","34 ROUTE DE SIVADAL, 24130 PRIGONRIEUX","0553633268","herve.chancel24@orange.fr","4932404440","49324044400015","7",575724,24,"52"
"DUBUISSON","https://www.qualibat.com/resultat-de-la-recherche/dubuisson-186861","LA PLAINE, 24520 ST NEXANS","0553583579","sarl-dubuisson@orange.fr","5382990330","53829903300018","2",146246,24,"52"
"GALLAIS PHILIPPE","https://www.qualibat.com/resultat-de-la-recherche/gallais-philippe-119099","LE BOURG, 24300 JAVERLHAC ET LA CHAPELLE S","0553563031","","4438228120","44382281200014","3",164628,24,"52"
"GIRARD YOAN","https://www.qualibat.com/resultat-de-la-recherche/girard-yoan-147511","LIEU DIT GIRATOU, 24330 ST LAURENT SUR MANOIRE","0553087999","girard.yoan@gmail.com","4987286170","49872861700024","1",165000,24,"52"
"SARL CULINE","https://www.qualibat.com/resultat-de-la-recherche/sarl-culine-136127","LA BOUYERIE, 24290 THONAC","0553507735","sarl.culine@orange.fr","4222894700","42228947000011","3",261443,24,"52"
"FRANTZ HEYBERGER","https://www.qualibat.com/resultat-de-la-recherche/frantz-heyberger-103848","LE MAS DE BONNET 2 RUE DU FIGUIER, 24150 BAYAC","0553739620","frantz.heyberger@wanadoo.fr","7499412740","74994127400013","2",160000,24,"52"
"ALLIANCE THERMIQUE","https://www.qualibat.com/resultat-de-la-recherche/alliance-thermique-90079","36 ZONE ARTISANALE DES PLANQUES, 24680 LAMONZIE ST MARTIN","0553731559","alliance.thermique@orange.fr","5082905900","50829059000027","3",385624,24,"52"
"BOUSSARIE","https://www.qualibat.com/resultat-de-la-recherche/boussarie-113256","MAISON NEUVE, 24530 ST PANCRACE","0553542263","jean-louis.boussarie@orange.fr","5299498360","52994983600017","2",283768,24,"52"
"ALV LAVANDIER SAS","https://www.qualibat.com/resultat-de-la-recherche/alv-lavandier-sas-174744","LES SARRAZIES MAURENS, 24140 EYRAUD CREMPSE MAURENS","0638941174","anthonylavandier@icloud.com","8219113850","82191138500028","1",160286,24,"52"
"MUNOZ CRUCES CRISTOBAL","https://www.qualibat.com/resultat-de-la-recherche/munoz-cruces-cristobal-119631","28 IMPASSE MOULIN DE CANSELADE, 24100 BERGERAC","0553740351","munoz.cristobal@free.fr","4302125970","43021259700024","2",138000,24,"52"
"ATSE BORDES","https://www.qualibat.com/resultat-de-la-recherche/atse-bordes-63572","ZA LES QUATRE ROUTES, 24590 ST GENIES","0553590981","contact@atse-bordes.fr","3449822440","34498224400024","41",5370000,24,"52"
"MARQUANT ETS","https://www.qualibat.com/resultat-de-la-recherche/marquant-ets-77665","104 RUE CLAIRAT, 24100 BERGERAC","0553636679","sarl.marquant@orange.fr","5014238340","50142383400024","14",1900000,24,"52"
"BROUSSE SARL","https://www.qualibat.com/resultat-de-la-recherche/brousse-sarl-101679","LE PAS DE LA BOUYGUE, 24590 JAYAC","0553288244","sarlbrousse24@orange.fr","4513235700","45132357000015","6",403646,24,"52"
"THERMIC ELEC SERVICES","https://www.qualibat.com/resultat-de-la-recherche/thermic-elec-services-109202","3 RUE OLYMPE DE GOUGES, 24750 BOULAZAC","0553096838","thermic-elec-services985@wanadoo.fr","4781744440","47817444400016","1",73053,24,"52"
"TECHN ""Y"" CHAUFFAGE","https://www.qualibat.com/resultat-de-la-recherche/techn-y-chauffage-115521","LES BIARNEIX, 24110 LEGUILLAC DE L'AUCHE","0553534085","techny.chauffage@orange.fr","5193276700","51932767000013","5",447656,24,"52"
"BERGERAC CHAUFFAGE","https://www.qualibat.com/resultat-de-la-recherche/bergerac-chauffage-105653","5 CHEMIN DES COUTETS, 24100 CREYSSE","0553584872","bergerac-chauffage@orange.fr","5073847090","50738470900014","3",380923,24,"52"
"ARANDA PIERRE","https://www.qualibat.com/resultat-de-la-recherche/aranda-pierre-128854","13 IMPASSE PIERRE CORNEILLE, 24750 ATUR","0614744448","pierre.0024@hotmail.fr","5343258570","53432585700017","4",340000,24,"52"
"RASPIENGEAS MAX","https://www.qualibat.com/resultat-de-la-recherche/raspiengeas-max-136456","4 ROUTE DE TOCANE, 24350 TOCANE ST APRE","0553900641","maxraspiengeas@orange.fr","4847459300","48474593000020","1",129667,24,"52"
"EMMANUEL GROS","https://www.qualibat.com/resultat-de-la-recherche/emmanuel-gros-136839","LES MOULINEAUX, 24700 MONTPON MENESTEROL","0671854336","e.grosplomberie@gmail.com","7900583090","79005830900010","2",278685,24,"52"
"AMBIANCE CHAUFFAGE","https://www.qualibat.com/resultat-de-la-recherche/ambiance-chauffage-160400","29 CHEMIN DE PECORAL COMBE VALETTE, 24150 COUZE ET ST FRONT","0553613662","ambiance-chauffage24@orange.fr","4824817440","48248174400027","1",268000,24,"52"
"TREMOUILLE & FILS (SARL)","https://www.qualibat.com/resultat-de-la-recherche/tremouille-fils-sarl--63439","LE BOURG, 24590 ST GENIES","0553289852","vincent.tremouille@wanadoo.fr","3399875960","33998759600014","5",309980,24,"52"
"BESSE FABRICE","https://www.qualibat.com/resultat-de-la-recherche/besse-fabrice-125860","FONTANAUD, 24310 BIRAS","0553055738","fabricebesse@hotmail.fr","4832491570","48324915700015","3",115500,24,"52"
"BOUYSSOU PHILIPPE","https://www.qualibat.com/resultat-de-la-recherche/bouyssou-philippe-123784","30 AVENUE VICTOR HUGO, 24120 TERRASSON LA VILLEDIEU","0553501476","bouyssouph@yahoo.fr","4385321780","43853217800029","2",137526,24,"52"
"RINGOOT (SARL)","https://www.qualibat.com/resultat-de-la-recherche/ringoot-sarl--63409","SUDALISSANT B.P.96, 24203 SARLAT CEDEX","0553590634","sarl.ringoot@wanadoo.fr","3538624440","35386244400026","16",1600000,24,"52"
"NGF","https://www.qualibat.com/resultat-de-la-recherche/ngf-111171","9 PLACE MALBEC, 24100 BERGERAC","0553241523","ngf.chauffage@orange.fr","5375821810","53758218100013","3",287325,24,"52"
"ETABLISSEMENTS GRINFAN","https://www.qualibat.com/resultat-de-la-recherche/etablissements-grinfan-148579","LE BOURG, 24250 ST MARTIAL DE NABIRAT","0553284403","grinfan@orange.fr","4831051440","48310514400016","10",697612,24,"52"
"JMB SERVICE","https://www.qualibat.com/resultat-de-la-recherche/jmb-service-167835","24 RUE DE LA SOURCE, 24000 PERIGUEUX","0689370969","jmbservices24@orange.fr","4778556390","47785563900019","1",78257,24,"52"
"ESTEVE FLORENT","https://www.qualibat.com/resultat-de-la-recherche/esteve-florent-116414","6 BOUCLE DES GUILLANEAUX, 24230 VELINES","0689165382","","7534132930","75341329300014","1",69200,24,"52"
"CHAUD D'HIER ET D'AUJOURD'HUI","https://www.qualibat.com/resultat-de-la-recherche/chaud-d-hier-et-d-aujourd-hui-156301","17 PLACE SISLEY, 24420 ANTONNE ET TRIGONANT","0553045923","chaud-hieretd-aujourd-hui@orange.fr","8151750700","81517507000011","1",91820,24,"52"
"DORDOGNE SANITAIRE CHAUFFAGE LAMBLIN","https://www.qualibat.com/resultat-de-la-recherche/dordogne-sanitaire-chauffage-lamblin-183573","44 CRS SAINT GEORGES, 24000 PERIGUEUX","0665090393","dsc.lamblin@gmail.com","8805117040","88051170400012","3",140000,24,"52"
"AST 24","https://www.qualibat.com/resultat-de-la-recherche/ast-24-167222","848 ROUTE DE SAINT LEON LIEU DIT LAVAURE, 24110 ST ASTIER","0676313880","marceauleroy01@gmail.com","8251395120","82513951200024","5",702946,24,"52"
"ENTREPRISE FOURNIAL (SARL)","https://www.qualibat.com/resultat-de-la-recherche/entreprise-fournial-sarl--63691","7, ROUTE DU STADE, 24200 SARLAT LA CANEDA","0553312644","sarl.fournial@orange.fr","4821827630","48218276300029","7",588702,24,"52"
"MARTY ENERGIES SAS","https://www.qualibat.com/resultat-de-la-recherche/marty-energies-sas-63475","65, RUE PIERRE SÉMARD, 24000 PERIGUEUX","0553089527","contact@martyenergies.fr","3135890200","31358902000020","20",1930000,24,"52"
"REP 24","https://www.qualibat.com/resultat-de-la-recherche/rep-24-63715","172, AVENUE WINSTON CHURCHILL B.P. 14, 24660 COULOUNIEIX CHAMIERS","0553531232","s.mouni@rep.services","4142756360","41427563600010","6",533197,24,"52"
"SALLERON SYLVAIN","https://www.qualibat.com/resultat-de-la-recherche/salleron-sylvain-63421","143-145, BOULEVARD DU PETIT CHANGE, 24000 PERIGUEUX","0553532099","s.pena@salleron.fr","3924554320","39245543200022","24",2870000,24,"52"
"NEGRIER LIONEL","https://www.qualibat.com/resultat-de-la-recherche/negrier-lionel-104130","REBIERE, 24110 ST ASTIER","0553046139","lionel.negrier0890@orange.fr","4775032130","47750321300019","1",73570,24,"52"
"SASU MA PETITE ENTREPRISE","https://www.qualibat.com/resultat-de-la-recherche/sasu-ma-petite-entreprise-116675","14 CITE LES COUSTALS, 24150 VARENNES","0685764719","mpeplombierchauffagiste@gmail.com","8017797110","80177971100010","1",186843,24,"52"
"PEUCH J.P.C.","https://www.qualibat.com/resultat-de-la-recherche/peuch-j-p-c--63455","21 RUE DE SAINT YRIEIX, 24270 PAYZAC","0553527034","sarlpeuch@orange.fr","4198918170","41989181700019","2",138463,24,"52"
"MICHAUD STEPHANE","https://www.qualibat.com/resultat-de-la-recherche/michaud-stephane-126418","LA GONDIE, 24160 ST MARTIAL D'ALBAREDE","0688226391","chauffage.michaud@orange.fr","4443246770","44432467700012","2",186956,24,"52"
"CASSIER MICHEL","https://www.qualibat.com/resultat-de-la-recherche/cassier-michel-126010","29 RUE DES VAURES, 24100 BERGERAC","0608685337","michel.cassier@orange.fr","3303800800","33038008000029","2",339864,24,"52"
"DELHORBE SAS","https://www.qualibat.com/resultat-de-la-recherche/delhorbe-sas-146353","ZAE ROUFFILLAC, 24370 CARLUX","0553297411","chris.delh@orange.fr","4415350690","44153506900021","3",390578,24,"52"
"BALSERA","https://www.qualibat.com/resultat-de-la-recherche/balsera-113684","29 BOULEVARD DE LA RÉSISTANCE, 24150 LALINDE","0605374287","sarlbalsera@gmail.com","7932348320","79323483200020","5",806980,24,"52"
"BRAUN FRANÇOIS","https://www.qualibat.com/resultat-de-la-recherche/braun-fran-ois-157869","LIEU DIT VILLAC, 24640 CUBJAC","0553053677","f.braun0192@orange.fr","8106832500","81068325000023","4",380392,24,"52"
"SANI-CHAUF'2000 (SARL)","https://www.qualibat.com/resultat-de-la-recherche/sani-chauf-2000-sarl--63717","30, RUE DES SPORTS, 24000 PERIGUEUX","0553042657","compta.chanseau@orange.fr","4288788130","42887881300024","5",325430,24,"52"
"CEDRIC PROCIEWICZ","https://www.qualibat.com/resultat-de-la-recherche/cedric-prociewicz-106293","LIEU DIT TREMOUILH, 24150 COUZE ET ST FRONT","0553589970","cedric.prociewicz@orange.fr","4991569250","49915692500038","4",419682,24,"52"
"CONFORT CHAUFFAGE SANITAIRE CRESPIN","https://www.qualibat.com/resultat-de-la-recherche/confort-chauffage-sanitaire-crespin-63461","AVENUE HENRY DELUC, 24750 BOULAZAC","0553532327","ccs.crespin@wanadoo.fr","4510980400","45109804000038","13",917129,24,"52"
"CONFORT CHAUFFAGE (SARL)","https://www.qualibat.com/resultat-de-la-recherche/confort-chauffage-sarl--63453","TOUS VENTS, 24360 PIEGUT PLUVIERS","0553565285","contact@confort-chauffage.fr","3007021720","30070217200010","12",1020000,24,"52"
"AUTHIER FABRICE","https://www.qualibat.com/resultat-de-la-recherche/authier-fabrice-157246","LES PLACES, 24160 ST GERMAIN DES PRES","0553625942","fabrice.authier24@orange.fr","7525568860","75255688600014","1",115668,24,"52"
"JMV","https://www.qualibat.com/resultat-de-la-recherche/jmv-138852","LE QUEYROU, 24520 ST GERMAIN ET MONS","0553631774","jean-michel.vidot@wanadoo.fr","4916294810","49162948100020","1",86427,24,"52"
"CARLET HERVE","https://www.qualibat.com/resultat-de-la-recherche/carlet-herve-137309","34 ROUTE DU PERIGORD POURPRE, 24230 MONTCARET","","contact@carletsanitelec.fr","4341781170","43417811700041","2",158584,24,"52"
"BEGANTON LAURENT","https://www.qualibat.com/resultat-de-la-recherche/beganton-laurent-106547","2 IMPASSE BOIELDIEU, 24100 BERGERAC","0553630071","laurent.beganton@wanadoo.fr","5389050920","53890509200010","1",71117,24,"52"
"TURLET GABRIEL","https://www.qualibat.com/resultat-de-la-recherche/turlet-gabriel-175354","5 ROUTE DE MONTAZEAU, 24230 VELINES","0609763843","gabriel.turlet@dbmail.com","3344436780","33444367800027","1",44763,24,"52"
"EURL ETABLISSEMENTS MOREAU FILS","https://www.qualibat.com/resultat-de-la-recherche/eurl-etablissements-moreau-fils-147206","LES PHILIPPONS ST MICHEL DE RIVIERE, 24490 LA ROCHE CHALAIS","0553914630","","8121453650","81214536500019","1",83925,24,"52"
"CHAM PERIGUEUX","https://www.qualibat.com/resultat-de-la-recherche/cham-perigueux-109388","14 RUE GABRIEL LACUEILLE, 24000 PERIGUEUX","0553532050","cham-perigueux@groupecham.fr","4447685500","44476855000568","12",693767,24,"52"
"VERGINES CHAUFFAGE","https://www.qualibat.com/resultat-de-la-recherche/vergines-chauffage-164024","525 RTE DES RIVACHAUDS, 24520 COURS DE PILE","0614310304","tvergines@gmail.com","8207739500","82077395000010","1",162507,24,"52"
"BARRE DANIEL","https://www.qualibat.com/resultat-de-la-recherche/barre-daniel-139132","LA RIVIERE, 24120 TERRASSON LA VILLEDIEU","0553513860","daniel.barre17@sfr.fr","5196452200","51964522000012","2",179600,24,"52"
"ADRIEN PLOMBERIE CHAUFFAGE","https://www.qualibat.com/resultat-de-la-recherche/adrien-plomberie-chauffage-105053","LE BOURG, 24700 ST SAUVEUR LALANDE","0553804179","adrien.chauffage@orange.fr","4933319790","49333197900010","6",454279,24,"52"
"SARL MAZIERE","https://www.qualibat.com/resultat-de-la-recherche/sarl-maziere-116536","12 RUE DES CARRIERES, 24400 ST FRONT DE PRADOUX","0553820927","maziere.jeanluc@orange.fr","3493331950","34933319500031","8",500000,24,"52"
"DUVERNEUIL CHRISTOPHE","https://www.qualibat.com/resultat-de-la-recherche/duverneuil-christophe-132956","LIEU DIT FARGES, 24160 ST MARTIAL D'ALBAREDE","0687359237","christophe-duverneuil@orange.fr","4296905630","42969056300029","1",97297,24,"52"
"LES PLOMBIERS DU PERIGORD VERT","https://www.qualibat.com/resultat-de-la-recherche/les-plombiers-du-perigord-vert-144415","LA FONT DU QUART, 24470 ST PARDOUX LA RIVIERE","","jeremyboucaud24@gmail.com","8095125690","80951256900017","1",88185,24,"52"
"GRELLETY SARL (JACQUES)","https://www.qualibat.com/resultat-de-la-recherche/grellety-sarl-jacques--63562","PELLUGUE, 24510 STE ALVERE","0553228826","sarl@grellety.fr","4104084540","41040845400016","5",544213,24,"52"
"REALINOV","https://www.qualibat.com/resultat-de-la-recherche/realinov-163928","LESCURETIE OUEST, 24140 MAURENS","0524104532","contact@realinov.com","8223747730","82237477300015","3",305192,24,"52"
"CONSTANT FREDERIC","https://www.qualibat.com/resultat-de-la-recherche/constant-frederic-106295","LE DRILLOU, 24600 ST SULPICE DE ROUMAGNAC","0553908513","frederic.constant0529@orange.fr","4502052570","45020525700022","1",139306,24,"52"
"TORRENT","https://www.qualibat.com/resultat-de-la-recherche/torrent-110777","18 RUE JEAN DUMAS, 24660 COULOUNIEIX CHAMIERS","0553097175","dominique.torrent179@orange.fr","5010078760","50100787600011","2",172300,24,"52"
"RAPEAU FREDERIC","https://www.qualibat.com/resultat-de-la-recherche/rapeau-frederic-119632","LIEU DIT LA POSTE, 24410 PUYMANGOU","0611696541","rapeaufrederic@wanadoo.fr","3389208870","33892088700019","3",325857,24,"52"
"FRANCK DELAGE","https://www.qualibat.com/resultat-de-la-recherche/franck-delage-117275","LES COURRIERES, 24310 BRANTOME","0553057817","delage.fils@orange.fr","4502420520","45024205200022","4",408939,24,"52"
"KERGROACH CHRISTOPHE","https://www.qualibat.com/resultat-de-la-recherche/kergroach-christophe-156701","306 IMPASSE DU FUSELIER, 24350 LA CHAPELLE GONAGUET","0629389368","ent.kergroach@hotmail.fr","4995426370","49954263700024","4",432677,24,"52"
"LACOTTE PIERRE SARL","https://www.qualibat.com/resultat-de-la-recherche/lacotte-pierre-sarl-122054","23 PLACE DU CHAMP DE FOIRE, 24800 THIVIERS","0553550470","sarl.lacotte@wanadoo.fr","4781064040","47810640400013","12",800794,24,"52"
"SEIXAS TONY","https://www.qualibat.com/resultat-de-la-recherche/seixas-tony-148961","CAUBESSE, 24200 SARLAT LA CANEDA","0553304917","tony.seixas@wanadoo.fr","4512699550","45126995500022","5",365088,24,"52"
"GAUME ENERGIES","https://www.qualibat.com/resultat-de-la-recherche/gaume-energies-153025","211 RUE GALILEE CREAVALLEE NORD, 24660 COULOUNIEIX CHAMIERS","0553541137","cgaume@gaume-energies.fr","8139645660","81396456600026","10",1010000,24,"52"
"ENGIE HOME SERVICES","https://www.qualibat.com/resultat-de-la-recherche/engie-home-services-121121","1 BOULEVARD DE L'HORIZON, 24430 MARSAC SUR L'ISLE","0553091131","perigueux.homeservices@engie.com","3013405840","30134058406712","21",1530000,24,"52"
"JML PLOMBERIE","https://www.qualibat.com/resultat-de-la-recherche/jml-plomberie-107292","13 RUE JEAN JAURES, 24110 ST ASTIER","0553078227","jmlplomberie24@gmail.com","4479880490","44798804900048","1",124292,24,"52"
"THERMIQUE-SERVICE (SARL)","https://www.qualibat.com/resultat-de-la-recherche/thermique-service-sarl--63497","143-145, BLD DU PETIT CHANGE, 24000 PERIGUEUX","0553536440","contact@thermique-service.fr","3377768760","33777687600027","12",1120000,24,"52"
"COUDRAY SERGE - DI 24","https://www.qualibat.com/resultat-de-la-recherche/coudray-serge---di-24-63585","LA GRAFEUILLE, 24330 ST PIERRE DE CHIGNAC","0553075238","di24@orange.fr","3948544670","39485446700013","2",144082,24,"52"
"JAMOT","https://www.qualibat.com/resultat-de-la-recherche/jamot-118923","LES CHAUMES NORD ZONE INDUSTRIELLE, 24600 RIBERAC","0553901389","jc.laville@entreprise-jamot.com","3418891860","34188918600027","32",4240000,24,"52"
"BOISSON ELECTRICITE SERVICES","https://www.qualibat.com/resultat-de-la-recherche/boisson-electricite-services-116280","LIEU DIT BLANQUINE, 24110 ST ASTIER","0553098049","cedricboisson@hotmail.fr","5019970760","50199707600028","1",103413,24,"52"
"ALVES SARL","https://www.qualibat.com/resultat-de-la-recherche/alves-sarl-97975","36 AVENUE JEAN JAURÈS, 24750 BOULAZAC","0553098993","alves.sarl@gmail.com","4504486750","45044867500014","8",746370,24,"52"
"FLS SAS","https://www.qualibat.com/resultat-de-la-recherche/fls-sas-164772","37 RUE DE LA STATION, 24000 PERIGUEUX","0637800351","contact@faurelavaudservices.fr","8233817850","82338178500018","3",168313,24,"52"
"AUVEZERE SERVICES","https://www.qualibat.com/resultat-de-la-recherche/auvezere-services-105343","SUR LE CLAUD EST, 24640 STE EULALIE D'ANS","0686561947","auvezereservices24@gmail.com","4812573760","48125737600014","1",143500,24,"52"
"CANOVAS DAVID","https://www.qualibat.com/resultat-de-la-recherche/canovas-david-104805","VEZILLAC, 24140 ST MARTIN DES COMBES","0553821296","david.canovas@orange.fr","4814624060","48146240600010","4",320019,24,"52"
"DEPANNAGE GAZ","https://www.qualibat.com/resultat-de-la-recherche/depannage-gaz-114207","1 RUE DES ALSACIENS, 24750 BOULAZAC","0553084742","contact@depannagegaz-aubin.fr","5094528840","50945288400018","12",1330000,24,"52"
"DELPERIER STEPHANE","https://www.qualibat.com/resultat-de-la-recherche/delperier-stephane-138029","33 RUE LACOMBE, 24000 PERIGUEUX","0553086355","stephane.delperier@orange.fr","4431454870","44314548700015","2",123023,24,"52"
"BENOIT JEAN JACQUES","https://www.qualibat.com/resultat-de-la-recherche/benoit-jean-jacques-164090","LE POUCH, 24560 ST AUBIN DE LANQUAIS","0553243527","benoit.jean-jacques@wanadoo.fr","4319458150","43194581500014","1",58939,24,"52"
"CARAVACA SARL","https://www.qualibat.com/resultat-de-la-recherche/caravaca-sarl-63525","ROUTE DE FONTAINE, 24340 MAREUIL","0553563046","caravacasarl@orange.fr","4913270780","49132707800011","3",295901,24,"52"
"BOCQUIER THERMIQUE","https://www.qualibat.com/resultat-de-la-recherche/bocquier-thermique-143493","ZA LE BOIS DES CHENES, 24320 LA TOUR BLANCHE","0553911414","bocquierthermique@orange.fr","7900705440","79007054400024","11",996766,24,"52"
"SIBEYRE DENIS","https://www.qualibat.com/resultat-de-la-recherche/sibeyre-denis-125884","CHAUMEZERIE, 24750 CHAMPCEVINEL","0553463997","sibeyre.denis@free.fr","4978690730","49786907300021","1",93934,24,"52"
"RAIMUNDO VICTOR","https://www.qualibat.com/resultat-de-la-recherche/raimundo-victor-142378","29 IMPASSE GABRIEL TRIBIER CHAVAGNAC, 24120 LES COTEAUX PERIGOURDINS","0553510855","raimundo.victor@wanadoo.fr","4243750380","42437503800017","1",121588,24,"52"
"JULIEN DOUSSEAU","https://www.qualibat.com/resultat-de-la-recherche/julien-dousseau-161694","LA ROUSSIE, 24370 CAZOULES","0651322476","dousseau.julien@gmail.com","8187143470","81871434700015","4",283975,24,"52"
"RENOV 24","https://www.qualibat.com/resultat-de-la-recherche/renov-24-134216","36 AVENUE DES EGLANTIERS, 24660 COULOUNIEIX CHAMIERS","0553463569","renov24@orange.fr","4503292060","45032920600012","3",380899,24,"52"
"CHARRON SARL (JEAN FRANCOIS)","https://www.qualibat.com/resultat-de-la-recherche/charron-sarl-jean-francois--63268","53 AVENUE HENRY DELUC BOULAZAC, 24750 BOULAZAC ISLE MANOIRE","0553455969","jfcharron@wanadoo.fr","3849806370","38498063700027","13",1450000,24,"52"
"DOMO 24","https://www.qualibat.com/resultat-de-la-recherche/domo-24-118122","8 AVENUE DE LA GARE, 24290 MONTIGNAC","0553504636","magalie@domo24.fr","4282853730","42828537300034","10",1060000,24,"52"
"BEAUDOUT EDDIE","https://www.qualibat.com/resultat-de-la-recherche/beaudout-eddie-111172","31 AVENUE GUY DE LARIGAUDIE, 24600 RIBERAC","0553909303","beaudout.eddie@orange.fr","4024269020","40242690200027","4",429372,24,"52"
"MARIN JEAN","https://www.qualibat.com/resultat-de-la-recherche/marin-jean-132393","12 ROUTE D'AGEN, 24100 BERGERAC","0553577861","jean.marin@orange.fr","3333781560","33337815600025","1",164910,24,"52"
"LEGAY CHRISTOPHE","https://www.qualibat.com/resultat-de-la-recherche/legay-christophe-117968","28 RUE RENAUDAT, 24130 PRIGONRIEUX","0634632970","yagel24@sfr.fr","7914840900","79148409000018","1",158702,24,"52"
"BOTTON FRERES (ETABLISSEMENTS)","https://www.qualibat.com/resultat-de-la-recherche/botton-freres-etablissements--63243","13 RUE DES HEROS DE LA RESISTANCE, 24400 MUSSIDAN","0553810183","sarl-botton-freres@wanadoo.fr","3345359600","33453596000010","7",411954,24,"52"
"LAUTRETTE-CELERIER","https://www.qualibat.com/resultat-de-la-recherche/lautrette-celerier-178756","LA BORIE BASSE, 24700 ST MARTIAL D'ARTENSET","0553822703","sarllautrettecelerier@orange.fr","8387238560","83872385600012","6",616366,24,"52"
"ALGLAVE SAS","https://www.qualibat.com/resultat-de-la-recherche/alglave-sas-157665","16 ROUTE DE BEAUMONT, 24540 MONPAZIER","0553634981","renealglave@orange.fr","8175470030","81754700300019","3",278188,24,"52"
"ROUBY ET FILS (SARL)","https://www.qualibat.com/resultat-de-la-recherche/rouby-et-fils-sarl--63414","RUE DU DOCTEUR LADOUCH, 24410 ST AULAYE","0553908293","rouby.sarl@orange.fr","4451386700","44513867000010","10",697185,24,"52"
"DURUBLE (SARL)","https://www.qualibat.com/resultat-de-la-recherche/duruble-sarl--63294","49 ROUTE DE BRIVE, 24570 LE LARDIN ST LAZARE","0553512647","duruble-sarl@wanadoo.fr","3266489870","32664898700013","5",226200,24,"52"
"ETS PHILIPPE CLER","https://www.qualibat.com/resultat-de-la-recherche/ets-philippe-cler-141272","LA MOULINE, 24250 GROLEJAC","0553303000","contact@sascler.com","4538107980","45381079800034","8",977304,24,"52"
"SARL CHAUVEAU","https://www.qualibat.com/resultat-de-la-recherche/sarl-chauveau-122324","12 ROUTE DES GRAVES  LE MONTEIL, 24680 LAMONZIE ST MARTIN","0608014082","sarlchauveau@orange.fr","4838425300","48384253000022","1",81599,24,"52"
"EURL BUQUIN","https://www.qualibat.com/resultat-de-la-recherche/eurl-buquin-135500","CHEZ BIDOU, 24600 ALLEMANS","0553914649","eurl.buquin@orange.fr","4780335330","47803353300017","3",143076,24,"52"
"FROID CUISINE 24 PCSE","https://www.qualibat.com/resultat-de-la-recherche/froid-cuisine-24-pcse-117769","LIEU DIT LA GARELIE CRE@VALLEE NORD, 24660 COULOUNIEIX CHAMIERS","0553062057","c.rochais@froidcuisine24.fr","5316841990","53168419900023","4",836000,24,"52"
"GOMILA FRERES","https://www.qualibat.com/resultat-de-la-recherche/gomila-freres-151806","LAROCAL SAINTE SABINE BORN, 24440 BEAUMONTOIS EN PERIGORD","0553741363","gomila.freres@orange.fr","4905699510","49056995100018","2",168901,24,"52"
"SALAT ARNAUD","https://www.qualibat.com/resultat-de-la-recherche/salat-arnaud-63651","CHEZ LE PERE, 24300 ST MARTIAL DE VALETTE","0553567946","a.salat@orange.fr","3989379200","39893792000021","1",156000,24,"52"
"ROCHEFORT FABRICE","https://www.qualibat.com/resultat-de-la-recherche/rochefort-fabrice-95956","1 ZA DE LA ROQUE, 24100 CREYSSE","0553739715","assistance-chauffage2@wanadoo.fr","4384933710","43849337100043","7",762340,24,"52"
"AGIRENERGY","https://www.qualibat.com/resultat-de-la-recherche/agirenergy-158553","LE BOURG, 24640 STE EULALIE D'ANS","0553506884","agirenergy@orange.fr","5094766440","50947664400026","16",3510000,24,"52"
"LAMBERT & FILS ETS","https://www.qualibat.com/resultat-de-la-recherche/lambert-fils-ets-63337","47BIS, RUE JULES MICHELET, 24100 BERGERAC","0553571737","contact@etscharleslambert.fr","5565200540","55652005400058","9",682813,24,"52"
"CHANCEL HERVE","https://www.qualibat.com/resultat-de-la-recherche/chancel-herve-115256","34 ROUTE DE SIVADAL, 24130 PRIGONRIEUX","0553633268","herve.chancel24@orange.fr","4932404440","49324044400015","7",575724,24,"52"
"DUBUISSON","https://www.qualibat.com/resultat-de-la-recherche/dubuisson-186861","LA PLAINE, 24520 ST NEXANS","0553583579","sarl-dubuisson@orange.fr","5382990330","53829903300018","2",146246,24,"52"
"GALLAIS PHILIPPE","https://www.qualibat.com/resultat-de-la-recherche/gallais-philippe-119099","LE BOURG, 24300 JAVERLHAC ET LA CHAPELLE S","0553563031","","4438228120","44382281200014","3",164628,24,"52"
"GIRARD YOAN","https://www.qualibat.com/resultat-de-la-recherche/girard-yoan-147511","LIEU DIT GIRATOU, 24330 ST LAURENT SUR MANOIRE","0553087999","girard.yoan@gmail.com","4987286170","49872861700024","1",165000,24,"52"
"SARL CULINE","https://www.qualibat.com/resultat-de-la-recherche/sarl-culine-136127","LA BOUYERIE, 24290 THONAC","0553507735","sarl.culine@orange.fr","4222894700","42228947000011","3",261443,24,"52"
"FRANTZ HEYBERGER","https://www.qualibat.com/resultat-de-la-recherche/frantz-heyberger-103848","LE MAS DE BONNET 2 RUE DU FIGUIER, 24150 BAYAC","0553739620","frantz.heyberger@wanadoo.fr","7499412740","74994127400013","2",160000,24,"52"
"ALLIANCE THERMIQUE","https://www.qualibat.com/resultat-de-la-recherche/alliance-thermique-90079","36 ZONE ARTISANALE DES PLANQUES, 24680 LAMONZIE ST MARTIN","0553731559","alliance.thermique@orange.fr","5082905900","50829059000027","3",385624,24,"52"
"BOUSSARIE","https://www.qualibat.com/resultat-de-la-recherche/boussarie-113256","MAISON NEUVE, 24530 ST PANCRACE","0553542263","jean-louis.boussarie@orange.fr","5299498360","52994983600017","2",283768,24,"52"
"ALV LAVANDIER SAS","https://www.qualibat.com/resultat-de-la-recherche/alv-lavandier-sas-174744","LES SARRAZIES MAURENS, 24140 EYRAUD CREMPSE MAURENS","0638941174","anthonylavandier@icloud.com","8219113850","82191138500028","1",160286,24,"52"