"Nom entreprise","Site web","Adresse","Telephone","Email","Siren","Siret","Effectif","Chiffre d'affaires","Département","Groupe"
"TERRE ET MATIERES","https://www.qualibat.com/resultat-de-la-recherche/terre-et-matieres-129566","LE RIVALOU MONTLOUGE, 81800 GRAZAC","0659784953","terre-et-matieres@orange.fr","7499784250","74997842500025","5",192039,81,"71"
"MAGNABAL PATRICK","https://www.qualibat.com/resultat-de-la-recherche/magnabal-patrick-119291","14 RUE JEAN DE LA FONTAINE LA PEYRE, 81400 CARMAUX","0563764751","mag.platre@sfr.fr","4080730390","40807303900013","1",69060,81,"71"
"SARL  CONESA","https://www.qualibat.com/resultat-de-la-recherche/sarl-conesa-85810","6 RUE DU LIEUTENANT COLONEL ROLLAND, 81000 ALBI","0563541697","conesa81@wanadoo.fr","4291320530","42913205300035","5",450000,81,"71"
"MACAMAPRE","https://www.qualibat.com/resultat-de-la-recherche/macamapre-109762","1 RUE DES ARTS ET MÉTIERS, 81090 LAGARRIGUE","0563595761","cousse-gouget@orange.fr","4436035430","44360354300028","9",699566,81,"71"
"FERET BENOIT","https://www.qualibat.com/resultat-de-la-recherche/feret-benoit-131687","AU VILLAGE 220 ROUTE DE LA MÉTAIRIE HAUTE, 81220 TEYSSODE","0563707209","benoitferet81@gmail.com","4107549070","41075490700013","1",68000,81,"71"
"ENTREPRISE ROUSSET ET FILS","https://www.qualibat.com/resultat-de-la-recherche/entreprise-rousset-et-fils-168410","AU PRAT BLANC, 81340 CADIX","0563553949","rousset.patrice@e-kiwi.fr","4214594880","42145948800019","4",534772,81,"71"
"ISO SUD","https://www.qualibat.com/resultat-de-la-recherche/iso-sud-165518","32 BD DU THORE, 81200 AUSSILLON","0563792210","direction@iso-sud.fr","8242789490","82427894900022","45",4130000,81,"71"
"LES BELLES NOUES","https://www.qualibat.com/resultat-de-la-recherche/les-belles-noues-112062","676 ROUTE DES BARRIERES, 81630 SALVAGNAC","0563575691","lesbellesnoues@hotmail.fr","4937219300","49372193000029","10",884252,81,"71"
"EXTEND","https://www.qualibat.com/resultat-de-la-recherche/extend-98574","3 RUE DU SEGALAR ZA DU SEGALAR, 81380 LESCURE D'ALBIGEOIS","0563603397","contact@extend.fr","5348140820","53481408200028","12",1490000,81,"71"
"PAMI PROTECTION ET AMELIORATION DE LA MAISON INDIVIDUELLE","https://www.qualibat.com/resultat-de-la-recherche/pami-protection-et-amelioration-de-la-maison-individuelle-69779","ZONE ARTISANALE LA MOULINE 14 RUE MARCEL DASSAULT, 81990 CAMBON D'ALBI","0563454533","pamisarl@orange.fr","4906024220","49060242200019","16",2650000,81,"71"
"GROUPE FRANCAIS DE LA RENOVATION","https://www.qualibat.com/resultat-de-la-recherche/groupe-francais-de-la-renovation-184586","8 ROUTE DE PUYLAURENS, 81570 VIELMUR SUR AGOUT","0768208862","sebortega51@gmail.com","8848386650","88483866500021","3",1,81,"71"
"REGABAT","https://www.qualibat.com/resultat-de-la-recherche/regabat-124205","15 RUE DES METIERS, 81100 CASTRES","0563628284","comptabilite@caetarn.fr","4999036980","49990369800045","47",2530000,81,"71"
"ISOBAT","https://www.qualibat.com/resultat-de-la-recherche/isobat-95344","IMPASSE DES TAILLADES, 81990 LE SEQUESTRE","0563431644","contact@isobat81.fr","7535758690","75357586900049","19",1010000,81,"71"
"3P-PROTECTION ET PERENNISATION DU PATRIMOINE","https://www.qualibat.com/resultat-de-la-recherche/3p-protection-et-perennisation-du-patrimoine-80896","58 CHEMIN DU GO, 81000 ALBI","0563607308","secretariat@societe3p.fr","5024648290","50246482900022","15",1140000,81,"71"
"PIERRE ET BOIS TRADITION","https://www.qualibat.com/resultat-de-la-recherche/pierre-et-bois-tradition-116340","BRAZIS 6 RTE DAMIATTE, 81500 FIAC","0563706788","pierre.bois.tradition@wanadoo.fr","4339851320","43398513200029","32",2360000,81,"71"
"PAULECO","https://www.qualibat.com/resultat-de-la-recherche/pauleco-160613","12 COTE PLANCHAUDE, 81990 CUNAC","0679131241","paulo-gomes@live.fr","5397668810","53976688100012","4",302547,81,"71"
"ISOL PLUS 81","https://www.qualibat.com/resultat-de-la-recherche/isol-plus-81-176167","34 RUE DES CAMELIAS, 81160 ST JUERY","0563403868","pascal.isolplus81@gmail.com","8434194090","84341940900019","5",429680,81,"71"
"PEDRO-BAT","https://www.qualibat.com/resultat-de-la-recherche/pedro-bat-82566","9 RUE DE LA VERNIERE, 81300 GRAULHET","0563345318","compta@pedro-bat.com","4250156820","42501568200023","12",918523,81,"71"
"KLEIN CONSTRUCTIONS","https://www.qualibat.com/resultat-de-la-recherche/klein-constructions-116154","LIEU DIT SAINT LOUP, 81700 PUYLAURENS","0760586996","kleinconstructions81@gmail.com","8022215490","80222154900024","3",189922,81,"71"
"RENOVATION ISOLATION","https://www.qualibat.com/resultat-de-la-recherche/renovation-isolation-176572","17 AV EMILIE DE VILLENEUVE, 81100 CASTRES","0563446102","ent.vurgunpro@gmail.com","8178006590","81780065900028","6",382904,81,"71"
"DU SOL AU PLAFOND","https://www.qualibat.com/resultat-de-la-recherche/du-sol-au-plafond-180821","1 CHE DE BOUYSSIE, 81380 LESCURE D'ALBIGEOIS","0647365884","dusolauplafond81@gmail.com","8529264010","85292640100013","3",162888,81,"71"
"ROGER LAPORTE","https://www.qualibat.com/resultat-de-la-recherche/roger-laporte-180610","LD EN BOURREL, 81500 ST AGNAN","0685200152","laporte.sr@gmail.com","3776047230","37760472300033","2",63230,81,"71"
"DURVILLE THIERRY","https://www.qualibat.com/resultat-de-la-recherche/durville-thierry-112693","12 CHEMIN DU BOUSQUET, 81370 ST SULPICE","0563330070","contact@thierrydurville.fr","4496943060","44969430600027","13",963031,81,"71"
"PLATRE & CO","https://www.qualibat.com/resultat-de-la-recherche/platre-co-111179","78 B ROUTE DE BELCASTEL, 81500 LAVAUR","0563581116","accueil@platreandco81.com","4777865110","47778651100022","10",780173,81,"71"
"ANTO RENOVATION","https://www.qualibat.com/resultat-de-la-recherche/anto-renovation-184458","13 RUE DU BON REPOS, 81400 ST BENOIT DE CARMAUX","0618661282","anto.renovation6@gmail.com","8488468120","84884681200016","3",272066,81,"71"
"FEDOU CEDRIC SARL","https://www.qualibat.com/resultat-de-la-recherche/fedou-cedric-sarl-120718","LIEU DIT LES ILES, 81390 PUYBEGON","0563420911","cedric.fedou@wanadoo.fr","5295506910","52955069100024","1",169917,81,"71"
"SOCIETE TERRAL","https://www.qualibat.com/resultat-de-la-recherche/societe-terral-129552","PUECH NOUVEL RTE DE MURAT BP 34, 81230 LACAUNE","0563376003","gedimat-terral@wanadoo.fr","3000380150","30003801500024","13",4670000,81,"71"
"COULEUR SOLEIL","https://www.qualibat.com/resultat-de-la-recherche/couleur-soleil-79849","6 CHEMIN DE RIEUMAS, 81150 TERSSAC","0563499608","info@couleur-soleil.fr","4534952280","45349522800042","115",12110000,81,"71"
"SUD-OUEST ISOLATION","https://www.qualibat.com/resultat-de-la-recherche/sud-ouest-isolation-155751","78 BIS RTE DE BELCASTEL, 81500 LAVAUR","0563345153","sudouestisolation81@gmail.com","8178235940","81782359400012","7",1070000,81,"71"
"MENUISERIE DU MAS","https://www.qualibat.com/resultat-de-la-recherche/menuiserie-du-mas-149333","LD LACOMBE MAS DE REY, 81170 BOURNAZEL","0681469617","menuiserie.du.mas@laposte.net","8123106540","81231065400015","1",87000,81,"71"
"E.B.S. ISOLATION","https://www.qualibat.com/resultat-de-la-recherche/e-b-s-isolation-121358","1 BOULEVARD DES LICES, 81100 CASTRES","0563757960","p.maraval@ebs-groupe.fr","8039150320","80391503200020","55",14120000,81,"71"
"ISOBAC ISOLATION","https://www.qualibat.com/resultat-de-la-recherche/isobac-isolation-145501","LE THERONDEL RTE DE VERDALLE, 81290 VIVIERS LES MONTAGNES","0563747725","isobac81@gmail.com","8097260290","80972602900014","3",112920,81,"71"
"BESOIN DE TOIT","https://www.qualibat.com/resultat-de-la-recherche/besoin-de-toit-177096","LD LA VAURELLE, 81170 CORDES","0688477042","lionel_bertrand@hotmail.com","8437010790","84370107900017","4",231898,81,"71"
"CHAMAYOU SARL","https://www.qualibat.com/resultat-de-la-recherche/chamayou-sarl-172919","5004 RUE DE LA BERLOU, 81330 VABRE","0675492698","jeromechamayou@hotmail.fr","5025173860","50251738600012","3",216640,81,"71"
"PLATRERIE DU PAYS D'OC","https://www.qualibat.com/resultat-de-la-recherche/platrerie-du-pays-d-oc-167092","8 CHEMIN DES HERISSOUS, 81710 SAIX","0534665685","contact@scppo.fr","8241670270","82416702700013","5",519860,81,"71"
"ALTI 81","https://www.qualibat.com/resultat-de-la-recherche/alti-81-165401","58 CHEMIN DE SAINT HIPPOLYTE, 81100 CASTRES","0563354708","direction@alti81.fr","7899601680","78996016800019","7",585177,81,"71"
"RODRIGUEZ FREDERIC","https://www.qualibat.com/resultat-de-la-recherche/rodriguez-frederic-130990","4 RTE D'ALBI, 81120 TEILLET","0563557774","frederic.rodriguez0684@orange.fr","4908456410","49084564100029","2",170372,81,"71"
"AMENAGEMENT DE L'HABITAT ET DES JARDINS","https://www.qualibat.com/resultat-de-la-recherche/amenagement-de-l-habitat-et-des-jardins-89630","54 RUE DE L'ARTISANAT ZA LES PESSAGERIES, 81150 STE CROIX","0563768902","contact@ahj-tarn.fr","4437653670","44376536700026","13",860262,81,"71"
"GAUBERT JOEL SARL","https://www.qualibat.com/resultat-de-la-recherche/gaubert-joel-sarl-110724","LD LA CARRARIE, 81340 FRAISSINES","0563559844","joel.gaubert@e-kiwi.fr","4912559720","49125597200011","8",453389,81,"71"
"PIERRE FARENC ET FILS SARL","https://www.qualibat.com/resultat-de-la-recherche/pierre-farenc-et-fils-sarl-109718","ZA, 81240 ALBINE","0563984365","sarl.farenc@outlook.fr","3194288430","31942884300019","1",297077,81,"71"
"TRESSENS EURL","https://www.qualibat.com/resultat-de-la-recherche/tressens-eurl-118020","23 ROUTE DU RIALET AUGMONTEL, 81660 PAYRIN AUGMONTEL","0563979816","eurldtressens@orange.fr","3266620380","32666203800024","9",566713,81,"71"
"SARL ISOCONFORT","https://www.qualibat.com/resultat-de-la-recherche/sarl-isoconfort-106730","LIEU DIT TRESPIOCH, 81160 ARTHES","0982565203","isoconfort.tarn@hotmail.fr","7998737240","79987372400022","7",595282,81,"71"
"RONCO R&C","https://www.qualibat.com/resultat-de-la-recherche/ronco-r-c-7111","460, AV. DES TERRES NOIRES, 81370 ST SULPICE","0563418593","contact-be@ronco.fr","4152227770","41522277700047","43",6280000,81,"71"
"CECCARELLI GILLES","https://www.qualibat.com/resultat-de-la-recherche/ceccarelli-gilles-77814","LE BOURG, 81170 ST MARTIN LAGUEPIE","0563302518","s.a.ceccarelli81@orange.fr","3977868230","39778682300013","3",242174,81,"71"
"MAISON SAINE (ISOTARN)","https://www.qualibat.com/resultat-de-la-recherche/maison-saine-isotarn--122107","LIEU DIT GOURGOUILLEYRE, 81140 ALOS","0563332543","isotarn81@gmail.com","4983813910","49838139100016","1",70000,81,"71"
"SARL PAULALARN ETS USED","https://www.qualibat.com/resultat-de-la-recherche/sarl-paulalarn-ets-used-95697","13 ZA DU SEGALAR, 81380 LESCURE D'ALBIGEOIS","0563462074","usedclim@gmail.com","5176852690","51768526900014","5",733354,81,"71"
"RICARD GILBERT","https://www.qualibat.com/resultat-de-la-recherche/ricard-gilbert-76677","63 RUE DE STRASBOURG, 81200 MAZAMET","0563610499","gilbert-ricard@wanadoo.fr","3122479270","31224792700030","19",943125,81,"71"
"TARN ENERGIES","https://www.qualibat.com/resultat-de-la-recherche/tarn-energies-165599","IMPASSE DES TAILLADES, 81990 LE SEQUESTRE","0563431644","contact@tarn-energies.fr","8240750300","82407503000026","9",740232,81,"71"
"SARL RENOV-HABITAT","https://www.qualibat.com/resultat-de-la-recherche/sarl-renov-habitat-141972","USINE DU GUE DE L'HORT, 81660 BOUT DU PONT DE LARN","0666794578","renovhabitat81@gmail.com","4227586800","42275868000025","4",235048,81,"71"
"MALIE INNOVATION","https://www.qualibat.com/resultat-de-la-recherche/malie-innovation-184404","15 BD GEORGES RAVARI LE JARDINOU, 81300 GRAULHET","0601065469","malie.innovation@yahoo.com","5293239410","52932394100029","5",301000,81,"71"
"MONTAGNE ERIC","https://www.qualibat.com/resultat-de-la-recherche/montagne-eric-129564","LA GARRIGOLE CHEMIN DU BIRADOU, 81540 SOREZE","0563503367","sarl.montagne-platrerie@orange.fr","5025623660","50256236600018","7",796616,81,"71"
"CAROTA SARL","https://www.qualibat.com/resultat-de-la-recherche/carota-sarl-115733","50 AV RHIN ET DANUBE, 81600 GAILLAC","0684921976","bruno.carota@wanadoo.fr","4779327840","47793278400028","4",347145,81,"71"
"PAUL BOURDONCLE ET ASSOCIES","https://www.qualibat.com/resultat-de-la-recherche/paul-bourdoncle-et-associes-154482","LA VENE HAUTE, 81990 PUYGOUZON","0563545635","bourdonclepaul@orange.fr","8149829550","81498295500019","18",690404,81,"71"
"STORES ET FENETRES","https://www.qualibat.com/resultat-de-la-recherche/stores-et-fenetres-114818","6 CHEMIN DES ACACIAS, 81400 CARMAUX","0563767078","stores-et-fenetres@wanadoo.fr","4782989200","47829892000024","3",634700,81,"71"
"GPPS","https://www.qualibat.com/resultat-de-la-recherche/gpps-94038","CHATEAU DE CAMPANS 10 CHEMIN DE LA BORIE GRANDE, 81100 CASTRES","0563627896","stephane.garcia9@orange.fr","5299239060","52992390600018","1",155760,81,"71"
"G. FONTES","https://www.qualibat.com/resultat-de-la-recherche/g-fontes-161691","129 AV DE LACAZE BASSE, 81100 CASTRES","0563375944","guillaume.fontes@econergie.fr","7998735590","79987355900014","21",4350000,81,"71"
"MAISON CONFORT SARL","https://www.qualibat.com/resultat-de-la-recherche/maison-confort-sarl-109042","1 RUE ARAGO, 81300 GRAULHET","0563580004","maisonconfort81@orange.fr","4905776240","49057762400029","8",1860000,81,"71"
"LES SPARTIATES ISOLATION","https://www.qualibat.com/resultat-de-la-recherche/les-spartiates-isolation-169129","19-23 RUE PERIE, 81200 MAZAMET","0563709409","administratif@lesspartiates.fr","8306416920","83064169200033","40",6500000,81,"71"
"TARIKT HASSAN","https://www.qualibat.com/resultat-de-la-recherche/tarikt-hassan-179930","7 CITE AL CLAUS APT 5677, 81400 ST BENOIT DE CARMAUX","0781543264","hassantarikt@gmail.com","8008080570","80080805700031","1",14870,81,"71"
"CANADAS DISTRIBUTION SARL","https://www.qualibat.com/resultat-de-la-recherche/canadas-distribution-sarl-94830","9 RUE DES METIERS, 81100 CASTRES","0563710328","contact@canadas-distribution.com","4148603610","41486036100032","18",2750000,81,"71"
"DOYA ISMAEL","https://www.qualibat.com/resultat-de-la-recherche/doya-ismael-169896","42 RUE DES AGRICULTEURS, 81000 ALBI","0777371401","entreprisedoya@gmail.com","4052724280","40527242800062","1",10400,81,"71"
"GASTON FRERES","https://www.qualibat.com/resultat-de-la-recherche/gaston-freres-6840","10, RUE DU BÂTIMENT ZI DE BONNECOMBE, 81200 MAZAMET","0563612564","contact@gaston-freres.fr","3142112280","31421122800015","35",4080000,81,"71"
"RIGAL ET FILS SARL","https://www.qualibat.com/resultat-de-la-recherche/rigal-et-fils-sarl-122043","LOTISSEMENT LES RIGOUS, 81110 MASSAGUEL","0563501088","rigal-et-fils@orange.fr","3414354100","34143541000020","4",325534,81,"71"
"SC BERNON","https://www.qualibat.com/resultat-de-la-recherche/sc-bernon-158806","6 CHEMIN DE LA BESSE, 81000 ALBI","0563475289","bernon@sc-bernon.fr","8192557380","81925573800026","4",861182,81,"71"
"WEBER JONATHAN (BATI RENO)","https://www.qualibat.com/resultat-de-la-recherche/weber-jonathan-bati-reno--175692","ZA DE PLAISANCE, 81210 ST GERMIER","0658477030","weber.jonathan@live.fr","8003923000","80039230000037","3",434063,81,"71"
"JEAMBRUN STEPHANE","https://www.qualibat.com/resultat-de-la-recherche/jeambrun-stephane-100974","3 RUE DU VIADUC DU VIAUR LD PUECH REDON, 81190 TANUS","0618742274","lacharpenterie.jeambrun@orange.fr","4998385890","49983858900012","1",17475,81,"71"
"ECOLILASCEL","https://www.qualibat.com/resultat-de-la-recherche/ecolilascel-92209","LA VIEILLE ECOLE, 81640 SALLES","0563764058","ecolilascel@gmail.com","5100343820","51003438200018","3",98000,81,"71"
"COUGOUREUX JEAN CHRISTOPHE SARL","https://www.qualibat.com/resultat-de-la-recherche/cougoureux-jean-christophe-sarl-122110","PERAYROLS, 81340 ST CIRGUE","0687035684","sarl.cougoureuxjc@orange.fr","5189075630","51890756300010","5",172700,81,"71"
"BENJAMIN LEMAIRE","https://www.qualibat.com/resultat-de-la-recherche/benjamin-lemaire-124014","2 CHEMIN DU ROUCAL, 81990 CAMBON D'ALBI","0627317167","ben-lem@hotmail.fr","7934976600","79349766000035","2",167325,81,"71"
"GUILLAUME CHRISTIAN THERON","https://www.qualibat.com/resultat-de-la-recherche/guillaume-christian-theron-86087","LE PLO DE LA CROIX LA TRIVALLE, 81320 MOULIN MAGE","0563730485","christian.theron119@orange.fr","5198536910","51985369100011","2",281555,81,"71"
"PROJE'T ISOLATION","https://www.qualibat.com/resultat-de-la-recherche/proje-t-isolation-120697","2 CHEMIN DES ACACIAS, 81400 CARMAUX","0563365948","contact@projet-isolation.com","4225718690","42257186900029","2",291931,81,"71"
"RABARY SARL","https://www.qualibat.com/resultat-de-la-recherche/rabary-sarl-137919","LIEU DIT LES JEANNOUTETS, 81500 GIROUSSENS","0625491520","emmanuel.rabary@gmail.com","5085742580","50857425800028","1",129239,81,"71"