"Nom entreprise","Site web","Adresse","Telephone","Email","Siren","Siret","Effectif","Chiffre d'affaires","Département","Groupe"
"TECHNO FACADES","https://www.qualibat.com/resultat-de-la-recherche/techno-facades-172489","10 RUE AUGUSTIN THIERRY, 75019 PARIS","0786325778","technofacades2017@gmail.com","8246667700","82466677000014","3",183633,75,"71"
"HF ENTREPRISE","https://www.qualibat.com/resultat-de-la-recherche/hf-entreprise-169912","67 AVENUE RAYMOND POINCARE, 75016 PARIS 16","0761108505","hf.entreprise@hotmail.fr","7941186610","79411866100030","7",714497,75,"71"
"SOCIETE NATIONALE D'ISOLATION THERMIQUE","https://www.qualibat.com/resultat-de-la-recherche/societe-nationale-d-isolation-thermique-178964","39 RUE DE LA GRANGE AUX BELLES, 75010 PARIS","0752631559","dossier.snit@gmail.com","8487539500","84875395000015","5",760000,75,"71"
"EGRD","https://www.qualibat.com/resultat-de-la-recherche/egrd-165606","9 RUE DE MAZAGRAN, 75010 PARIS 10","0607740708","egrdravalement@orange.fr","4799689350","47996893500045","11",970000,75,"71"
"EM-ISO FRANCE","https://www.qualibat.com/resultat-de-la-recherche/em-iso-france-176889","19 RUE DE LISBONNE, 75008 PARIS 08","0980400666","contact@em-isofrance.fr","8440752180","84407521800017","8",1060000,75,"71"
"TATISO SERVICES","https://www.qualibat.com/resultat-de-la-recherche/tatiso-services-184235","188 AV DE VERSAILLES, 75016 PARIS 16","0622496569","tatiso.services@gmail.com","8808720490","88087204900015","3",240000,75,"71"
"ECO FREE ENERGY","https://www.qualibat.com/resultat-de-la-recherche/eco-free-energy-169805","18-26 RUE GOUBET, 75019 PARIS","0625123345","serviceadmin@ecofree-energy.com","5223754500","52237545000056","13",1290000,75,"71"
"IZOL FRANCE","https://www.qualibat.com/resultat-de-la-recherche/izol-france-147202","10 RUE DE PENTHIEVRE, 75008 PARIS","0980803900","info@izolfrance.fr","5347826770","53478267700072","24",4230000,75,"71"
"OLIVIER MARTINS","https://www.qualibat.com/resultat-de-la-recherche/olivier-martins-142630","266 AVENUE DAUMESNIL, 75012 PARIS 12","0632667096","martins.olivier492@orange.fr","5233711440","52337114400016","5",782008,75,"71"
"CAP ISOLATION","https://www.qualibat.com/resultat-de-la-recherche/cap-isolation-181008","17 AVENUE GAMBETTA, 75020 PARIS 20","00","thomas.isofr@gmail.com","8321117930","83211179300036","6",334775,75,"71"
"PEREIRA SAS","https://www.qualibat.com/resultat-de-la-recherche/pereira-sas-44386","84 BOULEVARD DE LA TOUR MAUBOURG, 75007 PARIS 07","0141703860","contact@saspereira.com","3952748630","39527486300012","20",7190000,75,"71"
"VAUDEY HABITAT","https://www.qualibat.com/resultat-de-la-recherche/vaudey-habitat-136759","55 RUE JOUFFROY D'ABBANS, 75017 PARIS","0971163184","vaudeyisolation@gmail.com","4910053930","49100539300062","32",4480000,75,"71"
"MASTER ENERGIE","https://www.qualibat.com/resultat-de-la-recherche/master-energie-172140","10 RUE EMILE ALLEZ, 75017 PARIS 17","0624531966","h.bellaiche@masterenergie.fr","8096761820","80967618200011","8",11000000,75,"71"
"ISOLATION DU DOMAINE FRANCAIS","https://www.qualibat.com/resultat-de-la-recherche/isolation-du-domaine-francais-105804","128 RUE LA BOETIE, 75008 PARIS","0805620010","adm2.idf@gmail.com","5378179910","53781799100061","23",1800000,75,"71"
"COLAS FRANCE","https://www.qualibat.com/resultat-de-la-recherche/colas-france-187712","1 RUE DU COLONEL PIERRE AVIA, 75004 PARIS","","contact-france@colas.com","3293388830","32933888303413","3496",715010000,75,"71"
"HOME PLUS","https://www.qualibat.com/resultat-de-la-recherche/home-plus-97020","14 AVENUE NIEL, 75017 PARIS","0177350691","contact@homeplus.fr","5387863360","53878633600056","48",17950000,75,"71"
"SERVICES PLUS","https://www.qualibat.com/resultat-de-la-recherche/services-plus-169583","6 RUE DE LA CERISAIE, 75004 PARIS 04","0142063418","gestion@serviceplus-paris.com","7516530490","75165304900021","9",237075,75,"71"
"AFACO","https://www.qualibat.com/resultat-de-la-recherche/afaco-175271","36 BD DU GENERAL JEAN SIMON BL4, 75013 PARIS 13","0186959453","contact@afaco.fr","8248767340","82487673400016","10",5330000,75,"71"
"NABET PRESTA","https://www.qualibat.com/resultat-de-la-recherche/nabet-presta-169753","14 RUE ANDRES SUARES, 75017 PARIS 17","0617917023","nabetpresta77@gmail.com","8287855760","82878557600012","18",1500000,75,"71"
"LM ENERGIE","https://www.qualibat.com/resultat-de-la-recherche/lm-energie-179902","76 AV DES CHAMPS ELYSEES, 75008 PARIS","0763164969","lm.energie26@gmail.com","8522822010","85228220100023","2",190000,75,"71"
"DELTA BATIMENT","https://www.qualibat.com/resultat-de-la-recherche/delta-batiment-160704","11 RUE DU SENTIER, 75002 PARIS","0762342444","deltabatiment1@gmail.com","8189722180","81897221800023","17",2300000,75,"71"
"MMK ISOLATION","https://www.qualibat.com/resultat-de-la-recherche/mmk-isolation-169019","2 RUE PLICHON, 75011 PARIS","0177373631","mickael@greenecoenergie.fr","8304741930","83047419300026","30",4150000.0000000005,75,"71"
"AR BATIMENT","https://www.qualibat.com/resultat-de-la-recherche/ar-batiment-151416","13 RUE DES MURIERS, 75020 PARIS 20","0616556613","arbatiments@gmail.com","8074340550","80743405500024","9",2170000,75,"71"
"ISO 21 ET CO","https://www.qualibat.com/resultat-de-la-recherche/iso-21-et-co-179319","73 RUE DE LA PLAINE 73/75, 75020 PARIS","0626187009","eliebenss@gmail.com","8329102020","83291020200023","4",693971,75,"71"
"D.V.F.","https://www.qualibat.com/resultat-de-la-recherche/d-v-f--150375","10 RUE MESNIL, 75116 PARIS 16","0164895235","dvf.aymeric@outlook.fr","8137320390","81373203900017","6",639902,75,"71"
"FUTUR ENVIRONNEMENT","https://www.qualibat.com/resultat-de-la-recherche/futur-environnement-172144","14 RUE DE THIONVILLE, 75019 PARIS","0954369255","aviel@futurenvironnement.fr","8017636400","80176364000027","31",5680000,75,"71"
"UNIC BAT","https://www.qualibat.com/resultat-de-la-recherche/unic-bat-168662","14 AVENUE DE L'OPERA, 75001 PARIS","0148716847","unicbat91@gmail.com","8210095520","82100955200026","4",333816,75,"71"
"DURBATI","https://www.qualibat.com/resultat-de-la-recherche/durbati-150267","2 B RUE DUPONT DE L EURE, 75020 PARIS 20","0608559425","durbati@outlook.fr","4044439960","40444399600016","4",391923,75,"71"
"GROUPE CEC ECO","https://www.qualibat.com/resultat-de-la-recherche/groupe-cec-eco-171758","26 RUE GOUBET, 75019 PARIS 19","0695129715","contact@groupecec.com","8322920070","83229200700016","7",1030000,75,"71"
"SARL TOIT MON TOIT","https://www.qualibat.com/resultat-de-la-recherche/sarl-toit-mon-toit-169387","27 RUE DU DESSOUS DES BERGES, 75013 PARIS 13","0164510827","toitmtoit@gmail.com","8107300280","81073002800018","6",727862,75,"71"
"ROUFFET RAVALEMENT","https://www.qualibat.com/resultat-de-la-recherche/rouffet-ravalement-43443","12 RUE LUCIEN LEUWEN, 75020 PARIS 20","0146361102","contact@rouffet.fr","6720189180","67201891800025","14",1120000,75,"71"
"DOUDOU JULIEN","https://www.qualibat.com/resultat-de-la-recherche/doudou-julien-172259","53 RUE DE LA ROCHEFOUCAULD, 75009 PARIS","0770602792","doudoujulien.iso@gmail.com","8331094810","83310948100014","2",242300,75,"71"
"LIKE ENERGIE","https://www.qualibat.com/resultat-de-la-recherche/like-energie-176196","7 RUE DE CASTELLANE, 75008 PARIS","0970738457","like.energie@gmail.com","8419832320","84198323200015","5",487823,75,"71"
"HERELLE PATRICK","https://www.qualibat.com/resultat-de-la-recherche/herelle-patrick-180930","95 RUE LA BOETIE, 75008 PARIS 08","0609765373","herelle.patrick@wanadoo.fr","3908174920","39081749200023","12",3070000,75,"71"
"SYMTECH","https://www.qualibat.com/resultat-de-la-recherche/symtech-180167","58 BIS BOULEVARD RICHARD LENOIR, 75011 PARIS","0672413823","symtech62@gmail.com","8488300970","84883009700020","4",260000,75,"71"
"E.R.E.M TOUTES RENOVATIONS","https://www.qualibat.com/resultat-de-la-recherche/e-r-e-m-toutes-renovations-189553","83 RUE DE REUILLY, 75012 PARIS 12","0787488620","oukachakarim23@gmail.com","8784358660","87843586600016","3",85594,75,"71"
"SANITAIRE PLOMBERIE BATIMENT","https://www.qualibat.com/resultat-de-la-recherche/sanitaire-plomberie-batiment-169979","5 RUE SOPHIE GERMAIN, 75014 PARIS","0613106715","deborahpartouche@spbatiment.fr","5207454230","52074542300027","61",13200000,75,"71"
"ARC EN CIEL","https://www.qualibat.com/resultat-de-la-recherche/arc-en-ciel-145727","14 RUE CHARLES CINQ, 75004 PARIS 04","","arcenciel67500@gmail.com","5194531950","51945319500017","3",163659,75,"71"
"MARTINS SARL BUBE","https://www.qualibat.com/resultat-de-la-recherche/martins-sarl-bube-149284","26 T RUE NICOLAI, 75012 PARIS 12","0164377097","dina77@free.fr","3523999190","35239991900021","2",148227,75,"71"
"AST PLOMBERIE","https://www.qualibat.com/resultat-de-la-recherche/ast-plomberie-141433","328 RUE DES PYRÉNÉES, 75020 PARIS 20","0629399005","contact@astplomberie.fr","4908748230","49087482300027","17",1100000,75,"71"
"BAS ELEC","https://www.qualibat.com/resultat-de-la-recherche/bas-elec-185814","50 RUE ROUELLE, 75015 PARIS 15","0629056718","baselec75016@gmail.com","8009061330","80090613300023","12",913239,75,"71"
"AMELIORATION ENERGETIQUE POUR L'ENVIRONNEMENT","https://www.qualibat.com/resultat-de-la-recherche/amelioration-energetique-pour-l-environnement-171246","15 RUE BARBANEGRE, 75019 PARIS 19","0652408614","aee.contact75@gmail.com","8319235290","83192352900018","75",20600000,75,"71"
"RENERGY","https://www.qualibat.com/resultat-de-la-recherche/renergy-180453","4 PL LOUIS ARMAND, 75012 PARIS 12","0769074542","eric.betan@renergy.fr","3779905360","37799053600064","19",2530000,75,"71"
"RVP RESTAURATION ET VALORISATION DU PATRIMOINE","https://www.qualibat.com/resultat-de-la-recherche/rvp-restauration-et-valorisation-du-patrimoine-188244","3 RUE DE TEHERAN, 75008 PARIS 08","0788168481","secretariat.gbs@orange.fr","5324796230","53247962300029","4",645419,75,"71"
"GALLOP","https://www.qualibat.com/resultat-de-la-recherche/gallop-170708","161 AVENUE DE SUFFREN, 75015 PARIS","0177229614","catalin@gallop.fr","7504213640","75042136400035","10",1200000,75,"71"
"TRILIC SOLUTIONS","https://www.qualibat.com/resultat-de-la-recherche/trilic-solutions-146489","14 RUE CHARLES V, 75004 PARIS 04","0634872473","annie.trilic@gmail.com","7908025570","79080255700013","4",341349,75,"71"
"ETABLISSEMENT LUCIEN","https://www.qualibat.com/resultat-de-la-recherche/etablissement-lucien-181255","233 RUE DU FAUBOURG SAINT MARTIN, 75010 PARIS 10","0972103636","admin@objectifmaisonresponsable.fr","8328140570","83281405700010","9",1300000,75,"71"
"SAREP - SOCIETE D'AMENAGEMENT RAVALEMENT ETANCHEITE PEINTURE","https://www.qualibat.com/resultat-de-la-recherche/sarep---societe-d-amenagement-ravalement-etancheite-peinture-119540","36 RUE DES GRANDS CHAMPS, 75020 PARIS 20","0143676771","sarep@orange.fr","4125468970","41254689700023","8",2790000,75,"71"
"ABM DECO","https://www.qualibat.com/resultat-de-la-recherche/abm-deco-186977","16 RUE DE BAGNOLET, 75020 PARIS 20","0609070432","abmdeco@hotmail.fr","5352134170","53521341700020","12",910978,75,"71"
"FRANCE POLE ISOLATION","https://www.qualibat.com/resultat-de-la-recherche/france-pole-isolation-170506","83 RUE DE REUILLY, 75012 PARIS 12","0603331297","ansservice76@gmail.com","8203767470","82037674700037","7",950000,75,"71"
"ATAK 3000","https://www.qualibat.com/resultat-de-la-recherche/atak-3000-81851","55/57 RUE DE MONTREUIL, 75011 PARIS 11","0148455914","info@atak3000.com","4513746490","45137464900015","18",2060000,75,"71"
"BATMEN","https://www.qualibat.com/resultat-de-la-recherche/batmen-172485","6 RUE DE LA CRECHE, 75017 PARIS","0146225659","sasu.batmen@yahoo.com","8233719270","82337192700018","7",390247,75,"71"
"POINT BAT","https://www.qualibat.com/resultat-de-la-recherche/point-bat-172507","242 BOULEVARD DE VOLTAIRE, 75011 PARIS","0698761071","saspointbat@gmail.com","8315815580","83158155800028","7",1250000,75,"71"
"JEAN BAGNIS (SBNP)","https://www.qualibat.com/resultat-de-la-recherche/jean-bagnis-sbnp--43696","102 RUE DES MOINES, 75017 PARIS 17","0144852700","secretariat@groupe-eddifis.fr","4047385690","40473856900049","27",6770000,75,"71"
"CONCEPT INNOVATION TRAVAUX","https://www.qualibat.com/resultat-de-la-recherche/concept-innovation-travaux-189119","37 RUE D'AMSTERDAM, 75008 PARIS 08","0134215510","conceptinnovationtravaux@gmail.com","8035211110","80352111100010","4",341008,75,"71"
"ENV-CENTRIC","https://www.qualibat.com/resultat-de-la-recherche/env-centric-187751","9 RUE ANATOLE DE LA FORGE, 75017 PARIS 17","00","envcentric@gmail.com","8794474980","87944749800012","2",402298,75,"71"
"ATELIER DU BATIMENT","https://www.qualibat.com/resultat-de-la-recherche/atelier-du-batiment-172505","188 BOULEVARD DE LA VILLETTE, 75019 PARIS","0177372155","hazanallan@gmail.com","7512022010","75120220100016","32",6500000,75,"71"
"INDIA ENERGIE","https://www.qualibat.com/resultat-de-la-recherche/india-energie-181202","69 RUE NICOLO, 75116 PARIS 16","0142864455","caroleindiaenergie@gmail.com","8777347720","87773477200016","8",145500,75,"71"
"ECO'PRO","https://www.qualibat.com/resultat-de-la-recherche/eco-pro-171685","33 AVENUE DU MAINE, 75015 PARIS 15","0145219652","assistante@ecoprofrance.com","5395941270","53959412700026","18",12970000,75,"71"
"EVY BATIMENT","https://www.qualibat.com/resultat-de-la-recherche/evy-batiment-176243","88 AV DE WAGRAM, 75017 PARIS","0666931415","evybatiment@gmail.com","8251908790","82519087900015","4",246902,75,"71"
"MCP","https://www.qualibat.com/resultat-de-la-recherche/mcp-41332","10 RUE COQUILLIERE, 75001 PARIS","0149713242","mcp@mcp.paris","3338564410","33385644100030","25",2360000,75,"71"
"PRO FERMETURES","https://www.qualibat.com/resultat-de-la-recherche/pro-fermetures-121597","127 RUE AMELOT, 75011 PARIS","0667920102","justino.profermetures@gmail.com","8009842470","80098424700026","6",328655,75,"71"
"LES ARTISANS D'ALESIA","https://www.qualibat.com/resultat-de-la-recherche/les-artisans-d-alesia-183693","7 RUE DES PERCHAMPS, 75016 PARIS 16","0184601707","contact@bte-france.fr","4911190120","49111901200038","2",125000,75,"71"
"ENVIRONNEMENT DE FRANCE","https://www.qualibat.com/resultat-de-la-recherche/environnement-de-france-99217","10 RUE DE LA PAIX, 75002 PARIS 02","0800730130","contact@environnementdefrance.fr","5151841330","51518413300046","12",8060000.000000001,75,"71"
"RENOSENS","https://www.qualibat.com/resultat-de-la-recherche/renosens-148018","83 RUE DE REUILLY, 75012 PARIS 12","0664444414","info@renosens.fr","8116322640","81163226400016","2",208030,75,"71"
"BINYAN","https://www.qualibat.com/resultat-de-la-recherche/binyan-179770","10 RUE DE PENTHIEVE, 75008 PARIS","0651500732","contact.binyan@gmail.com","8449887820","84498878200018","1",130000,75,"71"
"BATI 1993","https://www.qualibat.com/resultat-de-la-recherche/bati-1993-168385","62 RUE PERGOLESE, 75016 PARIS 16","0611512646","bati1993@yahoo.fr","8082290660","80822906600010","3",446714,75,"71"
"CONFORT ZONE","https://www.qualibat.com/resultat-de-la-recherche/confort-zone-183885","91 RUE DU FAUBOURG SAINT HONORE, 75008 PARIS","00","adm2.confortzone@gmail.com","8827350200","88273502000019","4",500000,75,"71"
"DE ABREU","https://www.qualibat.com/resultat-de-la-recherche/de-abreu-41356","112 RUE DE PICPUS, 75012 PARIS 12","0146220550","contact@maisondeabreu.fr","3913452380","39134523800052","21",3500000,75,"71"
"WS.CONSEILS","https://www.qualibat.com/resultat-de-la-recherche/ws-conseils-170773","18 RUE LEGENDRE, 75017 PARIS 17","0606579676","wser.conseils@gmail.com","8298821330","82988213300020","4",269736,75,"71"
"VERTIZO","https://www.qualibat.com/resultat-de-la-recherche/vertizo-180470","103 BD MACDONALD, 75019 PARIS 19","0186922453","contact@vertizo.fr","8535674440","85356744400015","1",155340,75,"71"
"ENTREPRISE RENOVATION IMMOBILIERE KENZA","https://www.qualibat.com/resultat-de-la-recherche/entreprise-renovation-immobiliere-kenza-125635","26 RUE DES RIGOLES, 75020 PARIS","0662247937","erikenza@hotmail.fr","4400771880","44007718800025","3",205342,75,"71"
"ISO SPRAY INTERNATIONAL","https://www.qualibat.com/resultat-de-la-recherche/iso-spray-international-94015","18 RUE PASQUIER, 75008 PARIS 08","0178414055","contact@isolationspray.com","5386012950","53860129500040","26",2100000,75,"71"
"MATHIS","https://www.qualibat.com/resultat-de-la-recherche/mathis-187515","36 RUE DE SAMBRE ET MEUSE, 75010 PARIS 10","0660194680","hamidmathis720@gmail.com","7907060060","79070600600026","7",126081,75,"71"
"SGH","https://www.qualibat.com/resultat-de-la-recherche/sgh-168900","25 RUE BAUDELIQUE, 75018 PARIS","0616760593","sgh.sarl80@gmail.com","8205587160","82055871600016","9",1240000,75,"71"
"CONFOTHERM","https://www.qualibat.com/resultat-de-la-recherche/confotherm-171949","100 BOULEVARD PEREIRE, 75017 PARIS","0988999576","contact@confotherm.fr","5053874720","50538747200010","5",972500,75,"71"
"ITALIANO BATIMENT","https://www.qualibat.com/resultat-de-la-recherche/italiano-batiment-171525","TOUR CIT 3 RUE DE L'ARRIVEE, 75015 PARIS","0149459274","italiano.batiment@yahoo.fr","7895628990","78956289900037","8",544660,75,"71"
"ERC NOGALO","https://www.qualibat.com/resultat-de-la-recherche/erc-nogalo-45281","93 QUAI DE VALMY, 75010 PARIS","0142054075","contact@ercnogalo.com","4301733770","43017337700010","16",5800000,75,"71"
"NADJAR SARL","https://www.qualibat.com/resultat-de-la-recherche/nadjar-sarl-94858","34 RUE DELAMBRE, 75014 PARIS 14","0176742413","contact@nadjar-partners.com","7501670170","75016701700011","8",1450000,75,"71"
"LE MONDE DE L'HABITAT","https://www.qualibat.com/resultat-de-la-recherche/le-monde-de-l-habitat-183713","12 RUE JOSEPH KOSMA, 75019 PARIS 19","0970401993","lmdl.habitat@gmail.com","8795795630","87957956300013","2",150000,75,"71"
"GLOBAL ENERGIE HABITAT CONSEILS","https://www.qualibat.com/resultat-de-la-recherche/global-energie-habitat-conseils-180354","2 RUE D'ALEXANDRIE, 75002 PARIS","0625610016","globalenergiecontact@gmail.com","8530673120","85306731200027","3",145000,75,"71"
"ROMADECO","https://www.qualibat.com/resultat-de-la-recherche/romadeco-70448","149 RUE SAINT HONORE, 75001 PARIS 01","0145910785","info@romadeco.fr","4379628480","43796284800010","7",1950000,75,"71"
"E.M BATIMENT","https://www.qualibat.com/resultat-de-la-recherche/e-m-batiment-182018","37 RUE DES MATHURINS, 75008 PARIS 08","0238851596","embatiment.direction@gmail.com","8454001180","84540011800012","4",603794,75,"71"