"Nom entreprise","Site web","Adresse","Telephone","Email","Siren","Siret","Effectif","Chiffre d'affaires","Département","Groupe"
"SAVIGNOL ERIC","https://www.qualibat.com/resultat-de-la-recherche/savignol-eric-153004","31 AV DES PYRENEES, 09210 LEZAT SUR LEZE","0561605673","sarlsavignol@gmail.com","5206572630","52065726300015","3",162185,9,"52"
"GARCETTE ARNAUD","https://www.qualibat.com/resultat-de-la-recherche/garcette-arnaud-145651","7 PLACE VIOLET 3EME ETAGE APPT 5, 09000 FOIX","0677420598","garcettearnaud@orange.fr","4811980750","48119807500030","1",132597,9,"52"
"DURAND CHAUFFAGE ENERGIE","https://www.qualibat.com/resultat-de-la-recherche/durand-chauffage-energie-95429","31 ROUTE D'ESPAGNE , 09000 FOIX","0561059782","contact@durand-energie.fr","7537879510","75378795100023","9",816851,9,"52"
"RENAUD CAUBERE","https://www.qualibat.com/resultat-de-la-recherche/renaud-caubere-118537","ALLÉE GASTON MASSAT, 09200 ST GIRONS","0963298144","renaud.caubere0488@orange.fr","5017712730","50177127300015","1",100000,9,"52"
"DURAND JEAN LOUIS","https://www.qualibat.com/resultat-de-la-recherche/durand-jean-louis-179730","2 RUE DU PASTEL, 09270 MAZERES","0672562632","jldurand.09@orange.fr","4787454580","47874545800024","2",129349,9,"52"
"MV HABITATION","https://www.qualibat.com/resultat-de-la-recherche/mv-habitation-114529","LIEU DIT "" LES DEBATS""  LE BERRETE, 09230 STE CROIX VOLVESTRE","0671159221","vb@mvhabitation.com","4175520490","41755204900047","8",335000,9,"52"
"VAQUIE PIERRE JEAN","https://www.qualibat.com/resultat-de-la-recherche/vaquie-pierre-jean-137977","LE VILLAGE, 09120 GUDAS","0687311661","pj-sav-09@wanadoo.fr","4426971080","44269710800011","1",97000,9,"52"
"SOCIETE ARNAUD & FILS","https://www.qualibat.com/resultat-de-la-recherche/societe-arnaud-fils-7723","53 CHEMIN DE PIC ZONE INDUSTRIELLE, 09100 PAMIERS","0561671499","karine@arnaud-fils.com","3827952350","38279523500037","11",766113,9,"52"
"BOURASS ENTREPRISE","https://www.qualibat.com/resultat-de-la-recherche/bourass-entreprise-183752","11 RUE DE LA CHAPELLE, 09190 GAJAN","0561960107","entreprisebourass09@gmail.com","8823513800","88235138000010","2",190000,9,"52"
"GALY OLIVIER","https://www.qualibat.com/resultat-de-la-recherche/galy-olivier-175041","RTE DE ROQUEFIXADE, 09330 MONTGAILLARD","0633103790","galy.olivier.plomberie@gmail.com","8402249840","84022498400012","1",195000,9,"52"
"SEE AMARDEILH","https://www.qualibat.com/resultat-de-la-recherche/see-amardeilh-7563","., 09700 ST QUIRC","0561604296","stephane.dacosta@amardeilh.fr","3922871810","39228718100011","52",11920000,9,"52"
"ACRO'BAT","https://www.qualibat.com/resultat-de-la-recherche/acro-bat-118323","1 RUE HELENE BOUCHER, 09100 PAMIERS","0984405080","acrobat.yony@hotmail.fr","5035794500","50357945000027","17",1590000,9,"52"
"BRESEGHELLO CYRIL","https://www.qualibat.com/resultat-de-la-recherche/breseghello-cyril-131964","18 RUE DU DOCTEUR SUZANNE NOEL, 09700 SAVERDUN","0688613602","c.breseghello@orange.fr","4880133350","48801333500028","1",91055,9,"52"
"BOUDENNE-PEDOUSSAUT","https://www.qualibat.com/resultat-de-la-recherche/boudenne-pedoussaut-120770","RUE DU CRIEU  ZA DE GABRIELAT , 09100 PAMIERS","0671582887","boudennepedoussaut@gmail.com","8027333940","80273339400026","34",2610000,9,"52"
"SOCIETE D'EXPLOITATION CYPRIEN FERNANDEZ ET FILS","https://www.qualibat.com/resultat-de-la-recherche/societe-d-exploitation-cyprien-fernandez-et-fils-7526","PLACE SAINTE URSULE, 09100 PAMIERS","0561670359","sarl.fernandez@aliceadsl.fr","7766706970","77667069700023","7",556658,9,"52"
"TECHNI MARK SARL","https://www.qualibat.com/resultat-de-la-recherche/techni-mark-sarl-162666","12 AV DE TOULOUSE, 09100 PAMIERS","0561695151","techni-mark@live.fr","9356802490","93568024900023","3",500000,9,"52"
"ALPHACO","https://www.qualibat.com/resultat-de-la-recherche/alphaco-109790","HAMEAU DE SEIGNAN, 09200 MONTJOIE EN COUSERANS","0632202606","apc09@free.fr","4513045620","45130456200031","1",96000,9,"52"
"DE WYNDT SAS","https://www.qualibat.com/resultat-de-la-recherche/de-wyndt-sas-122210","15 CHEMIN DES CIMES, 09000 ST PIERRE DE RIVIERE","0561026548","eurl.dewyndt@orange.fr","4415835230","44158352300010","1",85231,9,"52"
"FOUSSARIGUES CHRISTOPHE","https://www.qualibat.com/resultat-de-la-recherche/foussarigues-christophe-100744","5 CHE DU STADE , 09330 MONTGAILLARD","0561010387","foussarigues@gmail.com","4807002690","48070026900032","1",80000,9,"52"
"ENTREPRISE VILLAS","https://www.qualibat.com/resultat-de-la-recherche/entreprise-villas-7705","ZA DU CASTELET, 09110 PERLES ET CASTELET","0561643058","francis.villas@wanadoo.fr","3436463520","34364635200025","12",648199,9,"52"
"ESPANA & FILS","https://www.qualibat.com/resultat-de-la-recherche/espana-fils-7538","28 ROUTE DE VILLENEUVE, 09100 PAMIERS","0561672126","sarl.espana@wanadoo.fr","3019861700","30198617000027","1",145161,9,"52"
"SERVAT PLOMBERIE CHAUFFAGE ENTREPRISE","https://www.qualibat.com/resultat-de-la-recherche/servat-plomberie-chauffage-entreprise-134092","ROUTE D'ESPAGNE, 09140 OUST","0688285396","servat.alain09140@orange.fr","4192907050","41929070500021","1",88974,9,"52"
"SOCIETE ELECTRO SERVICE GAZ MAZOUT","https://www.qualibat.com/resultat-de-la-recherche/societe-electro-service-gaz-mazout-7558","Z.A. DE GABRIELAT RUE DU CRIEU, 09100 PAMIERS","0561671122","esgm@esgm.fr","3032182750","30321827500038","18",2000000,9,"52"
"SUD PLOMBERIE","https://www.qualibat.com/resultat-de-la-recherche/sud-plomberie-131426","15 AVENUE DE SABART, 09400 TARASCON SUR ARIEGE","","sudplomberie@laposte.net","8020840610","80208406100018","3",159844,9,"52"
"ERIC DANIEL CAMPOS","https://www.qualibat.com/resultat-de-la-recherche/eric-daniel-campos-133291","LIEU-DIT LADOUT, 09600 LAROQUE D'OLMES","0630939160","campos.eric09@orange.fr","5275940300","52759403000019","1",63721,9,"52"
"ASTIE JEAN LUC","https://www.qualibat.com/resultat-de-la-recherche/astie-jean-luc-7722","4 RUE DU FOUR À PAIN FERRIES, 09120 RIEUX DE PELLEPORT","0561677058","plomberie.astie@wanadoo.fr","4080333970","40803339700014","2",117206,9,"52"
"ALZIEU RODRIGUES SARL","https://www.qualibat.com/resultat-de-la-recherche/alzieu-rodrigues-sarl-111257","1 ZA DE JOULIEU, 09000 ST JEAN DE VERGES","0561053405","alzieurodrigues@orange.fr","7899436930","78994369300018","5",678191,9,"52"
"DM","https://www.qualibat.com/resultat-de-la-recherche/dm-191357","LD BERGERAT, 09200 MONTJOIE EN COUSERANS","0686000209","mickael.denamiel@sfr.fr","8819383690","88193836900017","1",328654,9,"52"
"VAZQUEZ PIERRE","https://www.qualibat.com/resultat-de-la-recherche/vazquez-pierre-131749","8 RUE ST PAULET, 09000 ST PAUL DE JARRAT","0561640859","pierre.vazquez09@gmail.com","4788520230","47885202300025","1",115904,9,"52"
"SOCIETE AUBERT BENOIT","https://www.qualibat.com/resultat-de-la-recherche/societe-aubert-benoit-176505","LA VEXANE, 09310 SINSAT","0561665489","societeaubertbenoit@gmail.com","8415348450","84153484500018","10",542000,9,"52"
"ANDRIN JEAN PAUL","https://www.qualibat.com/resultat-de-la-recherche/andrin-jean-paul-153510","LD BAQUETTE LIEU DIT BAQUETTE, 09420 LESCURE","0680279440","jeanpolandrin@gmail.com","5098427530","50984275300014","3",155000,9,"52"
"ABTP SAS","https://www.qualibat.com/resultat-de-la-recherche/abtp-sas-7702","2 AVENUE DES PLATANES, 09400 BOMPAS","0561051798","contact@abtp09.fr","3948953120","39489531200020","27",2410000,9,"52"
"ADRIAN SARL","https://www.qualibat.com/resultat-de-la-recherche/adrian-sarl-120757","40 BIS AVENUE GABRIEL FAURE, 09500 MIREPOIX","0561682728","adrianfloriansarl@hotmail.com","7921791860","79217918600012","1",234913,9,"52"
"CHAUFFAGE DEPANNAGE MARTIEL","https://www.qualibat.com/resultat-de-la-recherche/chauffage-depannage-martiel-184455","24 LOT D ARMEILHAC, 09000 FOIX","0618205467","loicmartiel@gmail.com","8793170220","87931702200017","1",100000,9,"52"
"AIR&O","https://www.qualibat.com/resultat-de-la-recherche/air-o-175199","750 RTE DE CONSTANTINE, 09100 BEZAC","0645092319","contact@airet-o.fr","8407444780","84074447800016","2",273980,9,"52"
"KOLLER THIERRY","https://www.qualibat.com/resultat-de-la-recherche/koller-thierry-157960","LE ROUDIER, 09300 BELESTA","0561016341","kollerthierry@icloud.com","4194383950","41943839500024","1",49924,9,"52"
"VIDAL (SOCIETE D'EXPLOITATION DES ETABLISSEMENTS)","https://www.qualibat.com/resultat-de-la-recherche/vidal-societe-d-exploitation-des-etablissements--7524","12 RUE LOUIS SIRET, 09120 VARILHES","0561607088","seevidalmarcel@orange.fr","3314302150","33143021500011","1",42913,9,"52"
"LS (SPCE)","https://www.qualibat.com/resultat-de-la-recherche/ls-spce--182271","17 AV DU JEU DU MAIL, 09100 PAMIERS","0783665497","lsapamias@hotmail.com","8486712440","84867124400012","2",66405,9,"52"
"AMENAGEMENT MAISON SERVICE (AMS)","https://www.qualibat.com/resultat-de-la-recherche/amenagement-maison-service-ams--118016","PLACE DU GRAND SOLEIL, 09100 PAMIERS","0561676933","riqclaent09@gmail.com","4334946630","43349466300019","4",128744,9,"52"
"ALLIASERV PYRENEES ENERGIE ","https://www.qualibat.com/resultat-de-la-recherche/alliaserv-pyrenees-energie--171955","45 ALL PIERRE SEMARD, 09200 ST GIRONS","0561645553","anelise.eychenne@alliaserv.fr","8321804670","83218046700017","16",1620000,9,"52"
"ROUCH PATRICE","https://www.qualibat.com/resultat-de-la-recherche/rouch-patrice-111803","LASALLE, 09200 ENCOURTIECH","0561661385","patrice.rouch@yahoo.fr","4022547420","40225474200024","1",205132,9,"52"
"LOURDE ET FILS","https://www.qualibat.com/resultat-de-la-recherche/lourde-et-fils-145904","16 RTE DE CAOUE, 09290 LE MAS D'AZIL","0613103402","sarl.lourde@gmail.com","5101318990","51013189900013","1",61934,9,"52"
"BALLINI","https://www.qualibat.com/resultat-de-la-recherche/ballini-113320","VIGNO DE DEBANT, 09160 TAURIGNAN CASTET","0627992924","sb@ballini-plomberie.fr","7905509330","79055093300010","1",148906,9,"52"
"SANTALO FABIEN","https://www.qualibat.com/resultat-de-la-recherche/santalo-fabien-153509","62 AV DE LAVELANET, 09300 BELESTA","0619993312","santalofils@yahoo.fr","8144521400","81445214000019","2",245943,9,"52"
"PINCE ELLEN","https://www.qualibat.com/resultat-de-la-recherche/pince-ellen-135723","VILLA D EN HAUT, 09350 CASTEX","","ellen.pince@wanadoo.fr","4241496310","42414963100014","1",111015,9,"52"
"ENTREPRISE CERNY","https://www.qualibat.com/resultat-de-la-recherche/entreprise-cerny-100268","48 TER CHEMIN DE PIC, 09100 PAMIERS","0561688103","cerny.electricite@gmail.com","5082183280","50821832800013","1",140000,9,"52"
"ANDREU LAURENT","https://www.qualibat.com/resultat-de-la-recherche/andreu-laurent-113739","17A RUE MIRABEAU, 09300 LAVELANET","0561011258","andreu-laurent.eurl@orange.fr","4293491450","42934914500012","4",329426,9,"52"
"MOURON ET FILS SARL","https://www.qualibat.com/resultat-de-la-recherche/mouron-et-fils-sarl-119905","11 ROUTE DE TOULOUSE, 09190 ST LIZIER","0561660228","mouron.joel@gmail.com","5240275880","52402758800028","15",1500000,9,"52"
"LC PLOMBERIE","https://www.qualibat.com/resultat-de-la-recherche/lc-plomberie-137982","2 IM DES LACS, 09200 ST GIRONS","0561640009","lc.plomberie09@orange.fr","5035929740","50359297400029","1",113331,9,"52"
"LAHSINI BOUHJAR SARL","https://www.qualibat.com/resultat-de-la-recherche/lahsini-bouhjar-sarl-115177","HAMEAU DE BEOULAYGUES, 09500 BESSET","0561681041","sarl-lahsini.bouhjar@laposte.net","7921791780","79217917800019","4",456331,9,"52"
"CABEZAS","https://www.qualibat.com/resultat-de-la-recherche/cabezas-83725","ZONE LES RIBEROLES, 09300 DREUILHE","0561017498","bcabezas@wanadoo.fr","5074295530","50742955300013","2",221026,9,"52"