"Nom entreprise","Site web","Adresse","Telephone","Email","Siren","Siret","Effectif","Chiffre d'affaires","Département","Groupe"
"FLUX ELECTRIC MORLAISIEN","https://www.qualibat.com/resultat-de-la-recherche/flux-electric-morlaisien-153240","ZA DU LAUNAY, 29600 ST MARTIN DES CHAMPS","0298880566","fluxelectric@groupe-edsi.com","3108011880","31080118800023","11",823795,29,"53"
"OUEST DOMOTIQUE","https://www.qualibat.com/resultat-de-la-recherche/ouest-domotique-55789","20, RUE MARCEL MILIN BP 97, 29150 CHATEAULIN","0298860879","ouestdomotique@orange.fr","3769809000","37698090000025","8",997445,29,"53"
"MORVAN ET DANIEL","https://www.qualibat.com/resultat-de-la-recherche/morvan-et-daniel-56125"," ZONE ARTISANALE COAT AR PARC, 29620 LANMEUR","0298675845","morvan.et.daniel@wanadoo.fr","3346084030","33460840300021","13",1490000,29,"53"
"ETIS - LES COMPAGNONS DU VENT","https://www.qualibat.com/resultat-de-la-recherche/etis---les-compagnons-du-vent-169427","10 RUE DES ARTISANS ZA DE MESPAOL, 29290 ST RENAN","0298428552","contact@lescompagnonsduvent.bzh","5346792380","53467923800012","6",454593,29,"53"
"HARSCOAT GWENDAL","https://www.qualibat.com/resultat-de-la-recherche/harscoat-gwendal-107012","9 ROUTE DE PLOUVORN, 29600 ST MARTIN DES CHAMPS","0298881876","ste.harscoat@orange.fr","3070688820","30706888200025","8",522642,29,"53"
"STM SAV","https://www.qualibat.com/resultat-de-la-recherche/stm-sav-110957","32 ROUTE DE LANNILIS, 29260 LE FOLGOET","0298250727","stmsav@gmail.com","7953981060","79539810600018","15",1820000,29,"53"
"ERIC HABASQUE","https://www.qualibat.com/resultat-de-la-recherche/eric-habasque-143450","KERELEC 115 ROUTE DU BOIS DE PAULINE, 29890 KERLOUAN","0298859065","ker-elec@orange.fr","8102661710","81026617100018","2",285000,29,"53"
"AGP","https://www.qualibat.com/resultat-de-la-recherche/agp-190163","56 RUE HERVE DE GUEBRIANT, 29800 LANDERNEAU","0766705075","compta.agp29@gmail.com","5278392860","52783928600020","6",568328,29,"53"
"QUENET","https://www.qualibat.com/resultat-de-la-recherche/quenet-55798","7 RUE DE LODET SAINTE MARINE, 29120 COMBRIT","0298563342","quenet-francois@orange.fr","3851118690","38511186900025","9",900000,29,"53"
"CHAM ST MARTIN DES CHAMPS","https://www.qualibat.com/resultat-de-la-recherche/cham-st-martin-des-champs-125447","ZI DE KERIVIN 11 RUE EDOUARD BRANLY, 29600 ST MARTIN DES CHAMPS","0298881185","cjoveneau@groupecham.fr","4447685500","44476855000485","7",1290000,29,"53"
"ELORN PLOMBERIE CHAUFFAGE","https://www.qualibat.com/resultat-de-la-recherche/elorn-plomberie-chauffage-55803","144 RUE GORREQUER, 29470 PLOUGASTEL DAOULAS","0298405593","epc.plougastel@orange.fr","3127719910","31277199100030","26",2380000,29,"53"
"PETTON ENERGIES","https://www.qualibat.com/resultat-de-la-recherche/petton-energies-56134","ZONE D'ACTIVITE DE MESPAOL 1 RUE DU COMMERCE, 29290 ST RENAN","0298843131","contact@petton-energies.fr","3309081380","33090813800028","13",2020000,29,"53"
"CHAM ERGUE GABERIC","https://www.qualibat.com/resultat-de-la-recherche/cham-ergue-gaberic-109373","4 ALLEE MARIE CURIE, 29500 ERGUE GABERIC","0298956439","cham-quimper@groupecham.fr","4447685500","44476855001103","13",1270000,29,"53"
"JEZEQUEL FRERES","https://www.qualibat.com/resultat-de-la-recherche/jezequel-freres-55767","ZAC DU VERN RUE DU VERN, 29200 BREST","0298450093","contact@jezequel-freres.fr","3080912060","30809120600034","17",2150000,29,"53"
"HM RENOVATION","https://www.qualibat.com/resultat-de-la-recherche/hm-renovation-102977","1 RUE DE GRASSE, 29200 BREST","0298415870","contact@hmrenovation.fr","5286771070","52867710700039","16",1560000,29,"53"
"POUDOULEC SOCIETE","https://www.qualibat.com/resultat-de-la-recherche/poudoulec-societe-55784","ZA DU PORZAY, 29550 PLONEVEZ PORZAY","0298815022","contact@poudoulec.fr","3786635460","37866354600026","13",2310000,29,"53"
"FBE SARL","https://www.qualibat.com/resultat-de-la-recherche/fbe-sarl-188926","8 RUE EDOUARD BRANLY ZAC DE JOUBALAN, 29100 DOUARNENEZ","0298743301","fbe@entreprise-fbe.com","5279742570","52797425700018","14",790688,29,"53"
"ROUSSEAU ENTREPRISE","https://www.qualibat.com/resultat-de-la-recherche/rousseau-entreprise-55793","170 RUE DE L'ELORN, 29200 BREST","0298419866","rousseau@snef.fr","6354202760","63542027600076","24",2990000,29,"53"
"EDSI","https://www.qualibat.com/resultat-de-la-recherche/edsi-108468","ZAC PRATPIP 340 RUE ROBERT SCHUMAN, 29490 GUIPAVAS","0298077707","enr@groupe-edsi.com","3912107130","39121071300023","44",3790000,29,"53"
"CENTRAL SANIT OUEST","https://www.qualibat.com/resultat-de-la-recherche/central-sanit-ouest-55752","242 RUE ANTOINE LAVOISIER ZI DE PENHOAT, 29860 PLABENNEC","0298414242","cso@cso-brest.com","3951074850","39510748500025","66",9780000,29,"53"
"TECHNO-CLEAN","https://www.qualibat.com/resultat-de-la-recherche/techno-clean-56187","ZA DE MESPAOL, 29290 ST RENAN","0298843289","bretagne@techno-clean.fr","4774890250","47748902500023","20",2069999.9999999998,29,"53"
"CADIOU J SARL","https://www.qualibat.com/resultat-de-la-recherche/cadiou-j-sarl-114355","ZAD DE BELLEVUE, 29800 ST URBAIN","0298250397","jo.cadiou@wanadoo.fr","4194667010","41946670100028","5",579059,29,"53"
"CHAM BREST","https://www.qualibat.com/resultat-de-la-recherche/cham-brest-115915","22 AVENUE DU BARON LACROSSE, 29850 GOUESNOU","0298802568","cham-brest@groupecham.fr","4447685500","44476855000451","29",2570000,29,"53"
"ARZUR ENERGIES","https://www.qualibat.com/resultat-de-la-recherche/arzur-energies-84483","ZA ET ZE DE TOUL AN IBIL, 29217 PLOUGONVELIN","0298841078","sarlarzurenergies@orange.fr","4853127140","48531271400028","11",1000000,29,"53"
"SCOUARNEC-BESNARD","https://www.qualibat.com/resultat-de-la-recherche/scouarnec-besnard-186148","11 RTE DE MORLAIX, 29410 PLEYBER CHRIST","0662126717","scouarnec.besnard@outlook.fr","8879143150","88791431500015","3",120000,29,"53"
"DIGITEC","https://www.qualibat.com/resultat-de-la-recherche/digitec-81653","10 RUE DE KERANSIGNOUR, 29900 CONCARNEAU","0298970555","be@digitec-energies.com","4336768220","43367682200037","6",653712,29,"53"
"LE BOHEC ETABLISSEMENTS","https://www.qualibat.com/resultat-de-la-recherche/le-bohec-etablissements-55772","Z.A. DE TRIÉVIN BP 5, 29420 PLOUVORN","0298610273","sa-lebohec@orange.fr","9269500490","92695004900029","26",3180000,29,"53"
"GCS","https://www.qualibat.com/resultat-de-la-recherche/gcs-73165","LE BREIGNOU, 29860 BOURG BLANC","0298040680","contact.gcs@orange.fr","4876442960","48764429600013","9",1450000,29,"53"
"SANITHERM","https://www.qualibat.com/resultat-de-la-recherche/sanitherm-55790","9 RUE ALFRED LE BARS ZA CUZON, 29000 QUIMPER","0298522562","contact@sanitherm.bzh","3197484220","31974842200064","98",11810000,29,"53"
"GK ENERGIES","https://www.qualibat.com/resultat-de-la-recherche/gk-energies-181921","43 MENEZ BIHAN, 29650 PLOUEGAT MOYSAN","0662984497","gkenergies29@gmail.com","8789706490","87897064900017","2",128405,29,"53"
"PERENNES JEAN","https://www.qualibat.com/resultat-de-la-recherche/perennes-jean-55786","ZONE ARTISANALE DE PONT HERBOT ROUTE DE CALLAC, 29270 CARHAIX PLOUGUER","0298930554","sarlperennes@free.fr","4115075850","41150758500015","4",389492,29,"53"
"SCOTTI SARL","https://www.qualibat.com/resultat-de-la-recherche/scotti-sarl-94405","ZONE DACTIVITÉ DE PENHOAT, 29800 ST DIVY","0298441825","contact@scotti-plomberie.fr","7509458750","75094587500037","19",1230000,29,"53"
"SFM BATIMENT","https://www.qualibat.com/resultat-de-la-recherche/sfm-batiment-93892","26 B AVENUE FERNAND LE CORRE, 29260 LESNEVEN","0298831093","s.quere@sfm-batiment.fr","7504622360","75046223600043","20",2140000,29,"53"
"CELTIC CHAUFFAGE","https://www.qualibat.com/resultat-de-la-recherche/celtic-chauffage-55998","165 RUE JULES JANSEN, 29490 GUIPAVAS","0298421122","celtic.chauffage@wanadoo.fr","4028562070","40285620700038","28",4310000,29,"53"
"SATEC (SOCIETE APPLICATIONS TECHNIQUES)","https://www.qualibat.com/resultat-de-la-recherche/satec-societe-applications-techniques--55812","CRA ROUZ, 29640 PLOUGONVEN","0298786268","satec29@orange.fr","3246972590","32469725900012","23",3490000,29,"53"
"MENGUY STEVEN","https://www.qualibat.com/resultat-de-la-recherche/menguy-steven-110351","26 RUE MARIE CHAPALAIN, 29830 PLOUGUIN","0671767748","steven.menguy@gmail.com","7503773680","75037736800014","2",362223,29,"53"
"TECHNI CHAUFFAGE","https://www.qualibat.com/resultat-de-la-recherche/techni-chauffage-55806","ZAC DE KERGARADEC III 390 RUE ANTOINE LAVOISIER, 29490 GUIPAVAS","0298490186","olivier.gentric@technichauffage.fr","3207104110","32071041100036","38",6620000,29,"53"
"GROUPE KERJEAN - KERJEAN FRERES","https://www.qualibat.com/resultat-de-la-recherche/groupe-kerjean---kerjean-freres-169339","LD ZA LA CROIX DES MALTOTIERS, 29400 BODILIS","0298681063","contact@groupe-kerjean.fr","4219515670","42195156700021","43",5320000,29,"53"
"ISOTEK HABITAT","https://www.qualibat.com/resultat-de-la-recherche/isotek-habitat-96377","410 RUE ROBERT SCHUMAN ZA DE PRAT PIP SUD, 29490 GUIPAVAS","0298075252","isotekhabitat@bbox.fr","5213890800","52138908000032","10",1070000,29,"53"
"GUENO PLOMBERIE SARL","https://www.qualibat.com/resultat-de-la-recherche/gueno-plomberie-sarl-109983","4 RUE DE VERDUN, 29870 LANNILIS","0298897803","entreprise.gueno29@orange.fr","4982393420","49823934200047","3",200700,29,"53"
"ELECTROBAT SARL","https://www.qualibat.com/resultat-de-la-recherche/electrobat-sarl-182626","3 PLACE TRAOULEN, 29600 MORLAIX","0666309760","electrobat.morlaix@gmail.com","8797813590","87978135900010","3",203794,29,"53"
"MOREAU ETS","https://www.qualibat.com/resultat-de-la-recherche/moreau-ets-109174","16 RUE DU LEURRE, 29710 PLOGASTEL ST GERMAIN","0298545818","entreprise-moreau@wanadoo.fr","3892908910","38929089100024","8",744959,29,"53"
"IROISE VENTILATION","https://www.qualibat.com/resultat-de-la-recherche/iroise-ventilation-56065","125 RUE PAUL EMILE VICTOR, 29470 PLOUGASTEL DAOULAS","0298379680","valerie.berthou@iroise-ventilation.com","4327314870","43273148700034","14",1120000,29,"53"
"EMALEC BRETAGNE","https://www.qualibat.com/resultat-de-la-recherche/emalec-bretagne-144022","15 BOULEVARD LIPPMANN, 29850 GOUESNOU","0298426133","contact-bretagne@emalec.com","4291607810","42916078100028","17",1470000,29,"53"
"ELLEOUET SARL","https://www.qualibat.com/resultat-de-la-recherche/elleouet-sarl-56104","27, RUE DE KERGUÉLEN, 29950 BENODET","0298570116","ent.elleouet@orange.fr","4795971140","47959711400020","6",579323,29,"53"
"AGC ATELIER GENIE CLIMATIQUE","https://www.qualibat.com/resultat-de-la-recherche/agc-atelier-genie-climatique-104518","2 RUE DE LA CROIX ROUGE, 29500 ERGUE GABERIC","0298666627","ag.climatique@orange.fr","5007297770","50072977700010","11",1360000,29,"53"
"AQUATHIS","https://www.qualibat.com/resultat-de-la-recherche/aquathis-55743","ZA DE LUMUNOC'H BP 31, 29510 BRIEC","0298817065","contact@aquathis.fr","3988773400","39887734000024","26",3760000,29,"53"
"BERVAS JOHANN","https://www.qualibat.com/resultat-de-la-recherche/bervas-johann-113737","BAT 8 CROAS AR BLEIS, 29830 LAMPAUL PLOUDALMEZEAU","0298380714","johann.bervas@gmail.com","5392960120","53929601200013","4",375692,29,"53"
"SOCIETE BRETAGNE ELECTRICITE CHAUFFAGE","https://www.qualibat.com/resultat-de-la-recherche/societe-bretagne-electricite-chauffage-94935","13 RUE COLONEL BERTHAUD, 29200 BREST","0298411011","contact@s-bec.fr","5025840480","50258404800032","21",2860000,29,"53"
"PROTHERMIC","https://www.qualibat.com/resultat-de-la-recherche/prothermic-56003","ZA DE TI LIPIG 16 RUE LOUIS BLÉRIOT, 29700 PLUGUFFAN","0298521674","contact@prothermic.net","4014271090","40142710900020","31",6770000,29,"53"
"LE GALL ALEXANDRE - ALPHA RESEAUX VPC","https://www.qualibat.com/resultat-de-la-recherche/le-gall-alexandre---alpha-reseaux-vpc-185151","11 BRELEIZ, 29470 PLOUGASTEL DAOULAS","0781581755","alphareseaux.pro@gmail.com","5315303760","53153037600015","1",80000,29,"53"