"Nom entreprise","Site web","Adresse","Telephone","Email","Siren","Siret","Effectif","Chiffre d'affaires","Département","Groupe"
"ARNAIZ SYLVAIN","https://www.qualibat.com/resultat-de-la-recherche/arnaiz-sylvain-158445","9 RUE FERNAND PELLOUTIER, 31300 TOULOUSE","0561496246","sylvain.arnaiz@gmail.com","8175164380","81751643800014","1",107924,31,"52"
"SE ANE ALAIN","https://www.qualibat.com/resultat-de-la-recherche/se-ane-alain-99044","25 PLACE DE LA PATTE D'OIE, 31370 RIEUMES","0561910942","alain.ane@wanadoo.fr","4247214050","42472140500019","10",1040000,31,"52"
"ASETE","https://www.qualibat.com/resultat-de-la-recherche/asete-138448","LOTISSEMENT DU LAC 13 IMPASSE DU LAC, 31180 ROUFFIAC-TOLOSAN","0562470824","asete@orange.fr","4984753670","49847536700013","7",526090,31,"52"
"SCHILLING CEDRIC","https://www.qualibat.com/resultat-de-la-recherche/schilling-cedric-140919","10 RUE DU PROFESSEUR REMOND, 31140 MONTBERON","0753306108","plombier.sc@gmail.com","7919109530","79191095300011","1",43237,31,"52"
"CHAUFFAGE PLOMBERIE SERVICE SAS (CPS)","https://www.qualibat.com/resultat-de-la-recherche/chauffage-plomberie-service-sas-cps--119282","122 CHEMIN DES BOURDETTES, 31140 AUCAMVILLE","0561708826","cps.kunzli@wanadoo.fr","3823008610","38230086100020","1",125514,31,"52"
"ETS LEBEL SARL","https://www.qualibat.com/resultat-de-la-recherche/ets-lebel-sarl-5361","17 AVENUE PAUL GOUZY, 31220 CAZERES","0561970519","sarl.lebel@wanadoo.fr","3180247750","31802477500013","6",899966,31,"52"
"AGM","https://www.qualibat.com/resultat-de-la-recherche/agm-125055","106 IMPASSE DE LA SITTELLE, 31240 L'UNION","0562894948","philippeleclaire@wanadoo.fr","3907311070","39073110700038","2",148018,31,"52"
"PRAXIS MULTISERVICES 31","https://www.qualibat.com/resultat-de-la-recherche/praxis-multiservices-31-185968","5 IMPASSE LOS APPARES, 31790 ST JORY","0582600210","m.offredi@mse31.fr","8799117410","87991174100012","9",1020000,31,"52"
"MULTI ENERGIES SERVICES","https://www.qualibat.com/resultat-de-la-recherche/multi-energies-services-143821","LIEU-DIT EN CONNAC, 31540 ST FELIX LAURAGAIS","0685401229","multi.energies@gmail.com","5230987620","52309876200017","1",134000,31,"52"
"EIFFAGE ENERGIE SYSTEMES CLEVIA SUD-OUEST","https://www.qualibat.com/resultat-de-la-recherche/eiffage-energie-systemes-clevia-sud-ouest-5605","1 ALLEE DES PIONNIERS DE L'AEROPOSTALE, 31400 TOULOUSE","0562478383","toulouse.thermie.energie@eiffage.com","6408002230","64080022300136","133",22700000,31,"52"
"CHAUFFAGE ET CLIMATISATION LEGRAY","https://www.qualibat.com/resultat-de-la-recherche/chauffage-et-climatisation-legray-102775","PARC ECONOMIQUE DU TRIANGLE AVENUE DE L'INDUSTRIE, 31660 BESSIERES","0561093706","vanessa.martin@chauffageclimlegray.com","4016048890","40160488900022","10",970523,31,"52"
"GLS PLOMBERIE","https://www.qualibat.com/resultat-de-la-recherche/gls-plomberie-122171","24 AVENUE DE LA REPUBLIQUE, 31700 CORNEBARRIEU","0662163078","gls.plomberie@gmail.com","7529128400","75291284000028","1",150000,31,"52"
"GAZ PLOMBERIE SERVICES","https://www.qualibat.com/resultat-de-la-recherche/gaz-plomberie-services-150099","63 CHEMIN DE BASSO CAMBO, 31100 TOULOUSE","0615910315","gaz.plomberie.services@hotmail.fr","5025392240","50253922400019","1",90742,31,"52"
"VILAR ASSISTANCE ENERGIES","https://www.qualibat.com/resultat-de-la-recherche/vilar-assistance-energies-175825","13 IMPASSE DE LA FLAMBERE, 31300 TOULOUSE","0787400857","vilarassistance@gmail.com","8319069950","83190699500020","4",460904,31,"52"
"OCELENA","https://www.qualibat.com/resultat-de-la-recherche/ocelena-172107","20 RUE DE LA GRAVETTE ZAC DE LA GRAVETTE, 31150 GRATENTOUR","0561356626","administration@ocelena.com","8119240910","81192409100036","9",810991,31,"52"
"FROID TOLOSAN","https://www.qualibat.com/resultat-de-la-recherche/froid-tolosan-73147","22 BIS RUE ST LAURENT, 31270 VILLENEUVE TOLOSANE","0561921591","contact@froid-tolosan-31.com","4525420610","45254206100018","10",1450000,31,"52"
"SMECSO COLOMIERS","https://www.qualibat.com/resultat-de-la-recherche/smecso-colomiers-6213","BAT B LOCAL 5 4 IMP ADA LOVELACE, 31830 PLAISANCE DU TOUCH","0561303969","contact31@smecso.com","3500540940","35005409400072","28",3560000,31,"52"
"GAPC SARL","https://www.qualibat.com/resultat-de-la-recherche/gapc-sarl-120784","29 BD DU LIBRE ECHANGE, 31650 ST ORENS DE GAMEVILLE","0561272433","gregory.amorin@orange.fr","8009824150","80098241500013","8",822191,31,"52"
"CATALA SAS","https://www.qualibat.com/resultat-de-la-recherche/catala-sas-116303","24 AVENUE DES PYRENEES, 31410 ST SULPICE SUR LEZE","0622716140","sasentreprisecatala@gmail.com","7984325060","79843250600011","2",208567,31,"52"
"IMPC ET ASSOCIES","https://www.qualibat.com/resultat-de-la-recherche/impc-et-associes-106903","495 RUE DE L'ORMIERE, 31380 MONTASTRUC LA CONSEILLERE","0534369477","impc@bbox.fr","4435411980","44354119800042","4",451274,31,"52"
"SOCOCLIM","https://www.qualibat.com/resultat-de-la-recherche/sococlim-5729","ZONE ARTISANALE DE VIGNALIS 3 CHEMIN DE VIGNALIS, 31130 FLOURENS","0561244324","sococlim@sococlim.fr","3946938650","39469386500047","8",1250000,31,"52"
"SANI CHAUFF","https://www.qualibat.com/resultat-de-la-recherche/sani-chauff-107927","18 BIS ROUTE DE MERVILLA, 31320 CASTANET TOLOSAN","","sanichauff@orange.fr","7887831570","78878315700027","1",295473,31,"52"
"GENICLIM MIDI-PYRENEES","https://www.qualibat.com/resultat-de-la-recherche/geniclim-midi-pyrenees-5797","9 PARC DU CASSÉ, 31240 ST JEAN","0562890606","geniclim@geniclim.fr","4044874070","40448740700029","27",6550000,31,"52"
"LUROX SERVICES","https://www.qualibat.com/resultat-de-la-recherche/lurox-services-164994","129 IMPASSE DE TOULOUSE, 31150 BRUGUIERES","0663132429","jerome.duquesne@sfr.fr","4113621710","41136217100034","1",122280,31,"52"
"IDEAL SANITHERM","https://www.qualibat.com/resultat-de-la-recherche/ideal-sanitherm-162969","11 ALLEE DE LA PAGUERE, 31470 ST LYS","0661929209","idealsanitherm31@gmail.com","4822505450","48225054500019","1",149811,31,"52"
"LARGUIER TECHNISUD","https://www.qualibat.com/resultat-de-la-recherche/larguier-technisud-131130","18 AVENUE DES ROSES, 31880 LA SALVETAT ST GILLES","0562481601","larguiertechnisud@orange.fr","4190851620","41908516200016","1",135773,31,"52"
"SAS BOULOC CEDRIC","https://www.qualibat.com/resultat-de-la-recherche/sas-bouloc-cedric-150285","7 RUE DE LA  BARRAGUE DOMAINE LA PLAINE, 31140 ST LOUP CAMMAS","0630776194","sas.bouloc@gmail.com","8005989630","80059896300018","1",229327,31,"52"
"RCSC","https://www.qualibat.com/resultat-de-la-recherche/rcsc-130993","3 AVENUE DE LA MOUYSSAGUESE, 31280 DREMIL LAFAGE","0561839296","raynaud.chauffage@wanadoo.fr","4025031710","40250317100017","1",117848,31,"52"
"PYRENEES P.A.C. SARL","https://www.qualibat.com/resultat-de-la-recherche/pyrenees-p-a-c-sarl-123596","17 BIS IMPASSE LES BOULEAUX, 31220 MARTRES TOLOSANE","0636954958","thierry.fabert@hotmail.fr","7905243260","79052432600010","2",210366,31,"52"
"TIM","https://www.qualibat.com/resultat-de-la-recherche/tim-5965","3 RUE DESCOINS TINARD, 31100 TOULOUSE","0561220434","tim31@wanadoo.fr","4339879060","43398790600016","5",503299,31,"52"
"GP SERVICES","https://www.qualibat.com/resultat-de-la-recherche/gp-services-123923","8 RUE DU LAURAGAIS, 31820 PIBRAC","0561869923","gpservices.gaz@orange.fr","3993490000","39934900000014","2",251126,31,"52"
"ENGIE HOME SERVICES","https://www.qualibat.com/resultat-de-la-recherche/engie-home-services-121127","11 RUE MARIUS TERCE, 31300 TOULOUSE","0561247124","toulouse-occitane.homeservices@engie.com","3013405840","30134058405615","35",4260000,31,"52"
"AM PLOMBERIE 31","https://www.qualibat.com/resultat-de-la-recherche/am-plomberie-31-165225","2 RUE DE LA GARONNE, 31120 ROQUETTES","0663775902","mchauffage@free.fr","4518951550","45189515500021","1",80337,31,"52"
"KALITEC GENIE CLIMATIQUE","https://www.qualibat.com/resultat-de-la-recherche/kalitec-genie-climatique-89659","31 AVENUE MERCURE, 31130 QUINT FONSEGRIVES","0562187858","kalitec@kalitec.fr","5246982060","52469820600025","24",5260000,31,"52"
"ACTION THERMIE","https://www.qualibat.com/resultat-de-la-recherche/action-thermie-144800","249 ROUTE DE BAYONNE, 31300 TOULOUSE","0619136326","actionthermie@gmail.com","4935001690","49350016900013","1",113900,31,"52"
"CLIMA 6","https://www.qualibat.com/resultat-de-la-recherche/clima-6-8284","2 RUE DU MIDI LOCAL N° 11 ZONE ARTISANALE LA VACHE, 31270 FROUZINS","0561923352","alain.carrissimoux@clima6.fr","4778562980","47785629800021","6",687180,31,"52"
"DGP","https://www.qualibat.com/resultat-de-la-recherche/dgp-106412","1 BIS ROUTE DE BERAT, 31600 LHERM","0561567795","dgplabastidette@orange.fr","4827985010","48279850100029","2",178814,31,"52"
"TECHNIQUE PERFORMANCE FAISABILITE","https://www.qualibat.com/resultat-de-la-recherche/technique-performance-faisabilite-81206","3 RUE ISABELLE EBERHARDT, 31200 TOULOUSE","0561715114","philippe.castelle@alliaserv.fr","4345706850","43457068500066","52",11260000,31,"52"
"ABSO","https://www.qualibat.com/resultat-de-la-recherche/abso-181468","14 RUE DE L'AUSSAU, 31600 LABASTIDETTE","0672801599","contact@absogroupe.fr","8532940720","85329407200014","3",360000,31,"52"
"BIO ENERGIES DIFFUSION","https://www.qualibat.com/resultat-de-la-recherche/bio-energies-diffusion-79543","4 RUE DU DEVELOPPEMENT ZONE ARTISANALE, 31320 CASTANET TOLOSAN","0617961497","lazard@bioenergies31.com","4840852950","48408529500026","11",2710000,31,"52"
"INEO MIDI PYRENEES LANGUEDOC ROUSSILLON","https://www.qualibat.com/resultat-de-la-recherche/ineo-midi-pyrenees-languedoc-roussillon-6050","16 RUE CLAUDE MARIE PERROUD BP 34749, 31047 TOULOUSE  CEDEX 01","0561503250","amelie.miquel@engie.com","4147195340","41471953400094","161",21700000,31,"52"
"DOMARCO  (EURL)","https://www.qualibat.com/resultat-de-la-recherche/domarco-eurl--5316","2 ROUTE LAVALETTE, 31180 CASTELMAUROU","0561740840","bruno@domarco.fr","3505490100","35054901000022","2",297727,31,"52"
"JACQUET PASCAL","https://www.qualibat.com/resultat-de-la-recherche/jacquet-pascal-103748","11 CHEMIN DE THIERE, 31470 FONTENILLES","0686667200","pj.jacquet@gmail.com","4913845740","49138457400035","3",363054,31,"52"
"SARL R BUC ENTREPRISE","https://www.qualibat.com/resultat-de-la-recherche/sarl-r-buc-entreprise-165770","QUARTIER MONTIDET, 31160 IZAUT DE L'HOTEL","0561884676","entreprise.rbuc@orange.fr","5336429300","53364293000010","4",32000,31,"52"
"CONCEPT ENERGIE RENOVATION","https://www.qualibat.com/resultat-de-la-recherche/concept-energie-renovation-182310","4 BOULEVARD DES MINIMES, 31200 TOULOUSE","0676536936","didiercau1968@gmail.com","8798104970","87981049700013","1",117179,31,"52"
"MTPF","https://www.qualibat.com/resultat-de-la-recherche/mtpf-175605","3 RUE ISABELLE EBERHARDT, 31200 TOULOUSE","0561715114","philippe.castelle@alliaserv.fr","8152115030","81521150300017","47",6020000,31,"52"
"CASSAN","https://www.qualibat.com/resultat-de-la-recherche/cassan-181060","35 RTE DE SODE, 31110 JUZET DE LUCHON","0677102856","her31@hotmail.fr","8212725800","82127258000019","2",111838,31,"52"
"LAFFAGE PATRICK ENTREPRISE","https://www.qualibat.com/resultat-de-la-recherche/laffage-patrick-entreprise-136109","5 AVENUE DE LABESSAN, 31220 MARTRES TOLOSANE","0561986894","p.laffage@orange.fr","4445821590","44458215900018","1",136961,31,"52"
"MOULIS MICKAEL","https://www.qualibat.com/resultat-de-la-recherche/moulis-mickael-180705","7 ESP ANDRE MICHAUX APPT D 202, 31130 BALMA","0616194980","mickaelmoulis@gmail.com","8000482250","80004822500026","1",23561,31,"52"
"ATS","https://www.qualibat.com/resultat-de-la-recherche/ats-171068","11 RTE DE DEYME BAT 1 APPT 3, 31450 POMPERTUZAT","0616467847","ats-eurl@orange.fr","8247527030","82475270300010","1",149392,31,"52"
"DE FIL A PLOMB","https://www.qualibat.com/resultat-de-la-recherche/de-fil-a-plomb-139566","2 CHEMIN CAOUSSE, 31650 ST ORENS DE GAMEVILLE","0561207089","defilaplomb@free.fr","5127515200","51275152000010","1",152191,31,"52"
"CPM LERMISSON","https://www.qualibat.com/resultat-de-la-recherche/cpm-lermisson-133448","22 RUE DES CAPUCINS, 31340 VILLEMUR SUR TARN","0531542144","cpmlermisson@outlook.fr","8030720400","80307204000014","1",72905,31,"52"
"D.E.R DE WIT","https://www.qualibat.com/resultat-de-la-recherche/d-e-r-de-wit-146574","8 ZONE ARTISANALE LE COLOMBIER, 31460 CARAMAN","0561832331","der.28@orange.fr","4896208490","48962084900047","8",675448,31,"52"
"SUBRA CST","https://www.qualibat.com/resultat-de-la-recherche/subra-cst-119242","ZA BOUCHET 6 CHEMIN DES AGREOUS, 31560 CALMONT","0561086879","contact@subracst.fr","5305604320","53056043200011","21",3380000,31,"52"
"ALLAIS CHRISTIAN (ENTREPRISE)","https://www.qualibat.com/resultat-de-la-recherche/allais-christian-entreprise--5884","14 RUE JOB, 31000 TOULOUSE","0561626559","accueil@allaisentreprise.fr","4239420020","42394200200027","2",103053,31,"52"
"GROUPE CASOL","https://www.qualibat.com/resultat-de-la-recherche/groupe-casol-162602","26 CHEMIN DE LA GLACIERE, 31200 TOULOUSE","0561097764","contact.groupecasol@gmail.com","8203438200","82034382000040","22",2100000,31,"52"
"DECAP OLIVIER","https://www.qualibat.com/resultat-de-la-recherche/decap-olivier-130839","QUARTIER TOURNAS, 31420 CASSAGNABERE TOURNAS","0608356217","o.decap@free.fr","3995629740","39956297400028","1",173480,31,"52"
"ASO ALARME SECURITE OCCITANE","https://www.qualibat.com/resultat-de-la-recherche/aso-alarme-securite-occitane-5867","5 ROUTE DE SEYSSES, 31100 TOULOUSE","0561076607","s.sauliere@aso31.fr","3417023970","34170239700025","41",6480000,31,"52"
"ICCSER","https://www.qualibat.com/resultat-de-la-recherche/iccser-114834","3 CHEMIN DE LABARTHE, 31600 LABASTIDETTE","0562203985","contact@iccser.fr","7945077070","79450770700014","9",700000,31,"52"
"ETE HIVER","https://www.qualibat.com/resultat-de-la-recherche/ete-hiver-128195","12 PLACE DE LA MAIRIE, 31140 PECHBONNIEU","0561849139","ete.hiver@hotmail.fr","4917431420","49174314200029","4",463492,31,"52"
"ABRATE","https://www.qualibat.com/resultat-de-la-recherche/abrate-122165","12 RUE DE GRENADE, 31150 FENOUILLET","0612254815","eric.abrate@wanadoo.fr","4503185550","45031855500015","5",510182,31,"52"
"NOVADIA ENERGIE","https://www.qualibat.com/resultat-de-la-recherche/novadia-energie-174467","10 RUE HENRI TURNER, 31100 TOULOUSE","0532581438","boujemaa.ait88@gmail.com","8342624380","83426243800056","12",909092,31,"52"
"AD VALIDEM ENR TOULOUSE","https://www.qualibat.com/resultat-de-la-recherche/ad-validem-enr-toulouse-91604","10 BIS RUE ALFRED SAUVY, 31270 CUGNAUX","0582954595","jeanpaul.rousseau@advalidem.com","5121346280","51213462800043","35",3690000,31,"52"
"EATEC","https://www.qualibat.com/resultat-de-la-recherche/eatec-163109","102 CHEMIN DU CHATEAU DE L'HERS, 31500 TOULOUSE","0986878899","contact@eatec.fr","8222121300","82221213000022","4",250000,31,"52"
"MONTAUT VINCENT","https://www.qualibat.com/resultat-de-la-recherche/montaut-vincent-153521","LOTISSEMENT ARTISANAL LE SESCAS, 31110 MONTAUBAN DE LUCHON","0608300029","vincent.montaut@wanadoo.fr","5092992020","50929920200010","1",133250,31,"52"
"NEOBAT SERVICES","https://www.qualibat.com/resultat-de-la-recherche/neobat-services-144165","4 CHEMIN DE LANGLADE, 31450 POMPERTUZAT","0561834600","antoine.valton@wanadoo.fr","5213325850","52133258500012","2",258381,31,"52"
"ORTET STEPHANE","https://www.qualibat.com/resultat-de-la-recherche/ortet-stephane-114275","314 B RTE DE SEYSSES, 31100 TOULOUSE","0562879019","karine@ortet-artisan.com","5029371880","50293718800030","3",636000,31,"52"
"CENTRE DE SECURITE ET ENTRETIEN DES EQUIPEMENTS","https://www.qualibat.com/resultat-de-la-recherche/centre-de-securite-et-entretien-des-equipements-157322","15 RUE BOUDEVILLE , 31100 TOULOUSE","0562835913","s.foucaut@groupe-cs2e.fr","8175736030","81757360300021","13",1460000,31,"52"
"SARL DE PONTE","https://www.qualibat.com/resultat-de-la-recherche/sarl-de-ponte-152440","CHE DE LA CARRIERE OBSCURE, 31190 CAUJAC","0675191175","salvadeponte@gmail.com","4899752190","48997521900028","1",112000,31,"52"
"BISCARO PLOMBERIE","https://www.qualibat.com/resultat-de-la-recherche/biscaro-plomberie-93276","ROUTE DE MANE, 31260 FIGAROL","0561982540","biscaro.plomberie@orange.fr","3498456930","34984569300010","2",77220,31,"52"
"SERVICE TECHNIC GAZ (STG)","https://www.qualibat.com/resultat-de-la-recherche/service-technic-gaz-stg--182377","17 RUE ELISE DEROCHE, 31320 PECHBUSQUE","0561732198","bilotte.bertrand@neuf.fr","8525300130","85253001300014","3",290000,31,"52"
"PUJOL RENE ET FILS","https://www.qualibat.com/resultat-de-la-recherche/pujol-rene-et-fils-143736","37 TER ROUTE DE SAINTE GERMAINE, 31800 MIRAMONT DE COMMINGES","0561893207","info@rene-pujol.com","4129417000","41294170000038","12",1260000,31,"52"
"LECLERC MAINTENANCE CHAUFFAGE 31","https://www.qualibat.com/resultat-de-la-recherche/leclerc-maintenance-chauffage-31-166745","73 AV DU SERS, 31140 AUCAMVILLE","0783730725","lmc.31@hotmail.com","8227623080","82276230800010","4",294204,31,"52"
"BATI PREST SUD OUEST","https://www.qualibat.com/resultat-de-la-recherche/bati-prest-sud-ouest-116920","248 TER ROUTE DE BAYONNE, 31300 TOULOUSE","0562129820","comptabilite@batiprest.fr","4795657070","47956570700037","15",1520000,31,"52"
"SP ENERGY","https://www.qualibat.com/resultat-de-la-recherche/sp-energy-185617","5 RUE PASTEUR, 31410 MAUZAC","0531546351","sp.energy31@gmail.com","8785075400","87850754000010","1",79543,31,"52"
"GARCIA MATHIEU","https://www.qualibat.com/resultat-de-la-recherche/garcia-mathieu-134173","25 RUE ESCOUSSIERES, 31550 CINTEGABELLE","0607176770","garchauff@free.fr","5353298740","53532987400015","1",80000,31,"52"
"STEFAN SARL","https://www.qualibat.com/resultat-de-la-recherche/stefan-sarl-5638","5 CHEMIN DES FUSILLES DU BOIS DE LA REULE, 31180 CASTELMAUROU","0561847688","cyril.stefan81@gmail.com","4217923830","42179238300026","6",507968,31,"52"
"CIEUTAT-SEILHAN SARL","https://www.qualibat.com/resultat-de-la-recherche/cieutat-seilhan-sarl-153551","RTE DE CAZERES ZONE INDUSTRIELLE, 31430 LE FOUSSERET","0645035689","cieutat-seilhan@orange.fr","5251850700","52518507000014","3",508816,31,"52"
"FACEO FM SUD-OUEST","https://www.qualibat.com/resultat-de-la-recherche/faceo-fm-sud-ouest-182432","4 RUE PAUL MESPLE, 31100 TOULOUSE","0648127407","david.lesage@vinci-facilities.com","5352589250","53525892500028","69",10470000,31,"52"
"BT MULTI SERVICES","https://www.qualibat.com/resultat-de-la-recherche/bt-multi-services-126861","2 RUE DES ECOLES, 31600 LABASTIDETTE","0637503347","bt.multiservices@bbox.fr","5027873280","50278732800025","2",171575,31,"52"
"HUGUET LILIAN","https://www.qualibat.com/resultat-de-la-recherche/huguet-lilian-144640","PENELE EST, 31310 RIEUX VOLVESTRE","0561878282","lilianhuguet31@gmail.com","8080132540","80801325400020","3",252310,31,"52"
"ASPEC-SERVIGAZ","https://www.qualibat.com/resultat-de-la-recherche/aspec-servigaz-119436","29B BOULEVARD DE GENEVE, 31200 TOULOUSE","0609763178","contact@aspecservigaz.fr","4402161090","44021610900031","15",1680000,31,"52"
"RCO PLOMBERIE","https://www.qualibat.com/resultat-de-la-recherche/rco-plomberie-106901","98 CHEMIN DE NICOL, 31200 TOULOUSE","0561112228","contact@rco-31.com","5335305490","53353054900021","12",1140000,31,"52"
"MATHIE VICTOR","https://www.qualibat.com/resultat-de-la-recherche/mathie-victor-190999","18 B RUE ST LAURENT RES SOLARIS RDC APT 11, 31270 VILLENEUVE TOLOSANE","0656700119","ent.vicmat@gmail.com","8395531950","83955319500018","1",44575,31,"52"
"KLEINHANS XAVIER ENTREPRISE","https://www.qualibat.com/resultat-de-la-recherche/kleinhans-xavier-entreprise-133414","25 CHEMIN DE LA CARRERE, 31390 PEYSSIES","0561874579","xavpro@kleinhans31.fr","7888088630","78880886300013","1",70895,31,"52"
"PYRETHERM","https://www.qualibat.com/resultat-de-la-recherche/pyretherm-5425","3 IMPASSE DU CRABERE, 31800 ESTANCARBON","0562009191","f.hammerlin@pyretherm.com","3331604890","33316048900030","39",3810000,31,"52"
"SARL ATHERMIC","https://www.qualibat.com/resultat-de-la-recherche/sarl-athermic-74860","5 RUE MARCEL LANGER, 31600 SEYSSES","0561511389","info@athermicsarl.com","4415254820","44152548200010","5",440859,31,"52"
"CLIMAT ENERGIE","https://www.qualibat.com/resultat-de-la-recherche/climat-energie-187879","5002 F ROUTE DE SALLES, 31220 ST JULIEN","0666345506","climat.energie31@gmail.com","8905040870","89050408700010","3",37788,31,"52"
"TSO","https://www.qualibat.com/resultat-de-la-recherche/tso-129521","LA VIGUERIE, 31290 VILLENOUVELLE","0603555505","contact@tsoclim.fr","3888932990","38889329900023","1",215077,31,"52"
"GUIRAUD ERIC","https://www.qualibat.com/resultat-de-la-recherche/guiraud-eric-151895","20 RUE MAURICE CAUNES, 31200 TOULOUSE","0561615303","guiraudchauffage@orange.fr","3831701980","38317019800030","4",371275,31,"52"
"ESCALTHERM","https://www.qualibat.com/resultat-de-la-recherche/escaltherm-141984","1 CHEMIN DE LA GRAVE, 31750 ESCALQUENS","0534661312","escaltherm@wanadoo.fr","4239843500","42398435000029","2",305537,31,"52"
"PLOMBIER 31","https://www.qualibat.com/resultat-de-la-recherche/plombier-31-108657","1223 ROUTE DE BRAGOT, 31470 FONSORBES","0952090031","plombier31@gmail.com","7521802650","75218026500015","5",409398,31,"52"
"BOURET DEPANNAGE GAZ","https://www.qualibat.com/resultat-de-la-recherche/bouret-depannage-gaz-114401","19 ALLEE BELLE ILE, 31770 COLOMIERS","0607050295","bouret.didier@wanadoo.fr","4335927890","43359278900013","1",258267,31,"52"
"SARL ENTREPRISE STANDLEY","https://www.qualibat.com/resultat-de-la-recherche/sarl-entreprise-standley-141020","1963 ROUTE DE VACQUIERS LES PRADELS, 31380 MONTJOIRE","0561097737","plomberiestandley@gmail.com","3847116510","38471165100016","1",105799,31,"52"
"HD CONFORT","https://www.qualibat.com/resultat-de-la-recherche/hd-confort-127045","15 RUE ANDRE ETCHEVERLEPO, 31200 TOULOUSE","0611174282","hd-confort@sfr.fr","5353656880","53536568800014","1",163500,31,"52"
"ARMAING CHAUFFAGE CLIMATISATION","https://www.qualibat.com/resultat-de-la-recherche/armaing-chauffage-climatisation-138760","ZONE PYTHAGORE 151 RUE EUCLIDE, 31620 BOULOC","0582743641","contact@viareno.com","8000697000","80006970000048","36",6930000,31,"52"
"MBS ECO ENERGIE","https://www.qualibat.com/resultat-de-la-recherche/mbs-eco-energie-171781","12 BIS RUE DU MILIEU, 31800 VALENTINE","0789484861","mbs.eco.energie@gmail.com","8324892230","83248922300012","2",180000,31,"52"
"EURL BARTHE LAURENT","https://www.qualibat.com/resultat-de-la-recherche/eurl-barthe-laurent-103257","3 RUE ARIANE ZA MONTREDON, 31240 L'UNION","0534301065","laurent.barthe@wanadoo.fr","4152907660","41529076600021","16",2200000,31,"52"
"RIZZO GILLES","https://www.qualibat.com/resultat-de-la-recherche/rizzo-gilles-110743","6 RUE PIERRE FONS, 31600 MURET","0677175925","contact@rizzo-chauffage.fr","4539964490","45399644900022","5",406017,31,"52"
"GUY FREDERIC PLOMBERIE","https://www.qualibat.com/resultat-de-la-recherche/guy-frederic-plomberie-178304","2296 RTE DE MIREPOIX, 31660 BESSIERES","0624492953","guyfrederic-plombier@orange.fr","5207098250","52070982500027","1",111395,31,"52"
"RAMOS JOAQUIM","https://www.qualibat.com/resultat-de-la-recherche/ramos-joaquim-144162","VILLA 1 348 CHEMIN DE TUCAUT, 31100 TOULOUSE","0642408039","ets.ramosdavid@gmail.com","3504368530","35043685300021","2",224982,31,"52"
"PRO VJ","https://www.qualibat.com/resultat-de-la-recherche/pro-vj-153692","19 AVENUE SAINT EXUPERY, 31620 FRONTON","","sarlprovj@gmail.com","5324317070","53243170700027","3",279886,31,"52"
"SOTRAGEAC DNV","https://www.qualibat.com/resultat-de-la-recherche/sotrageac-dnv-105209","118 CHEMIN NICOL, 31200 TOULOUSE","0561489866","sotrageac.dnv@orange.fr","3909301130","39093011300027","8",829237,31,"52"
"BELMONTE LOUIS ET FILS SARL","https://www.qualibat.com/resultat-de-la-recherche/belmonte-louis-et-fils-sarl-100053","6 BIS CHEMIN PETIT JEAN, 31270 CUGNAUX","0561923147","sarl-belmonte@orange.fr","4853285040","48532850400025","2",273282,31,"52"
"BOUDET DAVID (SUD ECO ENERGIES)","https://www.qualibat.com/resultat-de-la-recherche/boudet-david-sud-eco-energies--157689","40 CHE DES SEPT DENIERS, 31200 TOULOUSE","0783224113","contact@sud-eco-energies.fr","5182831970","51828319700029","1",39300,31,"52"
"FAURE EVER","https://www.qualibat.com/resultat-de-la-recherche/faure-ever-100706","20 RUE DU FAREL, 31250 REVEL","0973154931","faureever@hotmail.fr","5033478410","50334784100010","2",270000,31,"52"
"FRANCE ENERGETIQUE","https://www.qualibat.com/resultat-de-la-recherche/france-energetique-184509","2 RUE DU LISTAN, 31490 BRAX","0676212520","denis.chaneming@yahoo.fr","5034527400","50345274000049","8",786779,31,"52"
"BENECH HENRI","https://www.qualibat.com/resultat-de-la-recherche/benech-henri-5868","4 IMPASSE DU DÉPOSIT, 31140 LAUNAGUET","0561746834","henri.benech@orange.fr","3089228890","30892288900024","1",40500,31,"52"
"BOBION ET JOANIN TOULOUSE","https://www.qualibat.com/resultat-de-la-recherche/bobion-et-joanin-toulouse-167385","2 BIS CHEMIN DE CANDIE, 31120 PORTET SUR GARONNE","0561444500","toulouse@bobion-joanin.fr","8209545190","82095451900030","12",2200000,31,"52"
"RAMADE ET FILS","https://www.qualibat.com/resultat-de-la-recherche/ramade-et-fils-147743","25 CHE DE MONTSEIGNET, 31450 CORRONSAC","0561819850","ramadeetfils@orange.fr","5045596670","50455966700010","1",131061,31,"52"
"TUNZINI TOULOUSE","https://www.qualibat.com/resultat-de-la-recherche/tunzini-toulouse-5948","5 RUE ISAAC NEWTON CS 80019, 31831 PLAISANCE DU TOUCH CEDEX","0561168180","tunzinitoulouse@tunzini.fr","4339082580","43390825800059","86",24190000,31,"52"
"PROXISERVE","https://www.qualibat.com/resultat-de-la-recherche/proxiserve-187925","31 AV EMILE DEWOITINE, 31200 TOULOUSE","0532810010","sgauvin@proxiserve.fr","3348737260","33487372602664","13",1320000,31,"52"
"MONCHAUZOU ET FILS","https://www.qualibat.com/resultat-de-la-recherche/monchauzou-et-fils-186429","740 ROUTE DE TOULOUSE N°24, 31660 BUZET SUR TARN","0679886929","sci.monchauzou@hotmail.com","8332493110","83324931100022","1",99800,31,"52"
"CALITHERMIE SARL","https://www.qualibat.com/resultat-de-la-recherche/calithermie-sarl-115382","7 RUE LE CLOS ANTONIN, 31150 FENOUILLET","0562755236","calithermie@free.fr","4952512900","49525129000013","1",248676,31,"52"
"HOT CLIM","https://www.qualibat.com/resultat-de-la-recherche/hot-clim-119438","4 PLACE DES MEUNIERS, 31270 FROUZINS","0561928374","hotclim@hotmail.fr","4785353700","47853537000017","1",125230,31,"52"
"FAURE STEPHANE","https://www.qualibat.com/resultat-de-la-recherche/faure-stephane-144161","20 QUAI DE TOUNIS, 31000 TOULOUSE","0630211377","plombierproximite@gmail.com","7981891060","79818910600023","1",94009,31,"52"
"PALACIN-CHAUFFAGE","https://www.qualibat.com/resultat-de-la-recherche/palacin-chauffage-133426","185 AVENUE DE CASTRES, 31660 BESSIERES","0695413113","palacin31@free.fr","5153761430","51537614300027","2",167000,31,"52"
"BABERT PLOMBERIE INSTALLATIONS ET DEPANNAGES","https://www.qualibat.com/resultat-de-la-recherche/babert-plomberie-installations-et-depannages-144186","41 AVENUE DU LAURAGAIS, 31280 MONS","0665060497","babertplomberie@gmail.com","5033434100","50334341000034","2",359177,31,"52"
"INGENIERIE ENERGETIQUE GLOBALE","https://www.qualibat.com/resultat-de-la-recherche/ingenierie-energetique-globale-102231","1 RUE DE BORDE BASSE LOTISSEMENT LA VIOLETTE SUD, 31240 L'UNION","0950763342","mlohier@economie-energetique.com","5206410850","52064108500045","48",6460000,31,"52"
"CARTHERY JEAN JACQUES SARL","https://www.qualibat.com/resultat-de-la-recherche/carthery-jean-jacques-sarl-117996","CAP DE LA VIEILLE, 31350 CARDEILHAC","0561892775","sarlcarthery@wanadoo.fr","4078001680","40780016800012","8",825700,31,"52"
"LOUSTEAU CHRISTIAN","https://www.qualibat.com/resultat-de-la-recherche/lousteau-christian-127054","3620 ROUTE DE SAINT LYS, 31600 SEYSSES","0660575523","ent.loustchris@orange.fr","4409340990","44093409900019","2",111296,31,"52"
"PELISSIER MATHIEU (OCCITANIA PLOMBERIE CHAUFFAGE)","https://www.qualibat.com/resultat-de-la-recherche/pelissier-mathieu-occitania-plomberie-chauffage--145355","JARDIN DU CANAL 16 RUE DES JARDINS DU CANAL, 31150 LESPINASSE","0619957244","occitania.plomberie@live.fr","5392545240","53925452400033","1",88850,31,"52"
"ACTIF ENERGIE","https://www.qualibat.com/resultat-de-la-recherche/actif-energie-144181","14 RTE DE SAINT LYS, 31490 LEGUEVIN","0561863654","actifenergie@yahoo.fr","4994915120","49949151200012","2",189475,31,"52"
"ENTREPRISE BEDOURET","https://www.qualibat.com/resultat-de-la-recherche/entreprise-bedouret-82209","91 RUE DE FENOUILLET, 31200 TOULOUSE","0561573566","christophe@bedouret.fr","4494669370","44946693700017","9",1170000,31,"52"
"ENELAT SUD OUEST","https://www.qualibat.com/resultat-de-la-recherche/enelat-sud-ouest-99380","70 CHEMIN DE PAYSSAT Z.I DE MONTAUDRAN, 31400 TOULOUSE","0557891090","florence.collin@enelat.com","5295571420","52955714200021","98",15610000,31,"52"
"COUSTEAU EURL","https://www.qualibat.com/resultat-de-la-recherche/cousteau-eurl-144173","4 RUE DE BELLEVILLE, 31200 TOULOUSE","0658398483","contact@cousteau-plomberie.fr","8026725920","80267259200028","5",260203,31,"52"
"ETSP","https://www.qualibat.com/resultat-de-la-recherche/etsp-150648","31 CHEMIN DE LA GARENNE LIEU DIT CLAUZOLLES, 31410 NOE","0680656820","e.t.s.p@free.fr","4990459870","49904598700025","5",643007,31,"52"
"DEFUSCO-DUCOS","https://www.qualibat.com/resultat-de-la-recherche/defusco-ducos-157190","LE VILLAGE, 31420 BOUZIN","0611055585","pierredefusco@orange.fr","8174126950","81741269500014","4",208796,31,"52"
"EURL GARCIA BERNARD","https://www.qualibat.com/resultat-de-la-recherche/eurl-garcia-bernard-105443","1740 ROUTE DE BERAT, 31410 LAVERNOSE LACASSE","0534480775","eurlgarciabernard@yahoo.fr","4327688850","43276888500027","2",201429,31,"52"
"SUD OUEST CLIMATISATION CHAUFFAGE SANITAIRE (S.O.C.C.S.)","https://www.qualibat.com/resultat-de-la-recherche/sud-ouest-climatisation-chauffage-sanitaire-s-o-c-c-s--155108","298 AV DE FRONTON, 31200 TOULOUSE","0534400930","soccs@orange.fr","3278427200","32784272000036","23",1600000,31,"52"
"BAJON","https://www.qualibat.com/resultat-de-la-recherche/bajon-106411","107 AVENUE JEAN RIEUX, 31500 TOULOUSE","0561800088","bajonpierre@yahoo.fr","3490495850","34904958500012","5",668758,31,"52"
"CLIMAX","https://www.qualibat.com/resultat-de-la-recherche/climax-5964","4 RUE PAUL ROCACHÉ, 31100 TOULOUSE","0534614414","joelle@climax.fr","3853437280","38534372800049","58",13480000,31,"52"
"SARL PALACIN","https://www.qualibat.com/resultat-de-la-recherche/sarl-palacin-5612","4 RUE MAZAS, 31500 TOULOUSE","0561117895","ste.palacin@wanadoo.fr","3176843140","31768431400048","8",658496,31,"52"
"DELBREL SARL","https://www.qualibat.com/resultat-de-la-recherche/delbrel-sarl-155062","4 RUE DES TANNEURS, 31250 REVEL","0672013689","sarl.delbrelchristophe@orange.fr","4944368270","49443682700013","1",77374,31,"52"
"VIGNEAUX ETS","https://www.qualibat.com/resultat-de-la-recherche/vigneaux-ets-127074","QUARTIER LABOURDETTE, 31420 ALAN","0561989028","thierry.vigneaux@wanadoo.fr","4205445380","42054453800028","6",361950,31,"52"
"CADORIN","https://www.qualibat.com/resultat-de-la-recherche/cadorin-5520","RN 117 QUARTIER PABAN-BÉQUINE, 31800 ESTANCARBON","0561891573","etscadorin@wanadoo.fr","3012532330","30125323300029","4",393079,31,"52"
"PUIG DANIEL SARL","https://www.qualibat.com/resultat-de-la-recherche/puig-daniel-sarl-128284","72 RUE DES TROENES, 31200 TOULOUSE","0681369344","plomberiedanielpuig@gmail.com","4205407910","42054079100019","2",197346,31,"52"
"SPIE INDUSTRIE & TERTIAIRE - AGENCE DE TOULOUSE","https://www.qualibat.com/resultat-de-la-recherche/spie-industrie-tertiaire---agence-de-toulouse-174832","70 CHEMIN DE PAYSSAT ZI DE MONTAUDRAN CS 34056, 31029 TOULOUSE CEDEX 4","0561367777","d.valaize@spie.com","4400558610","44005586101864","72",13780000,31,"52"
"C2E HABITAT","https://www.qualibat.com/resultat-de-la-recherche/c2e-habitat-175307","40 RUE ARISTIDE BERGES, 31270 CUGNAUX","0658227714","contact@c2e-habitat.fr","8401655340","84016553400016","13",2700000,31,"52"
"ASNAR GEORGES","https://www.qualibat.com/resultat-de-la-recherche/asnar-georges-141321","35 RUE DES OLIERES, 31310 MONTESQUIEU VOLVESTRE","0561904381","asnar.georges@orange.fr","3849521980","38495219800024","3",172307,31,"52"
"SEMAIL MOHAMED","https://www.qualibat.com/resultat-de-la-recherche/semail-mohamed-110768","1 ROUTE DE PEYSSIES QUARTIERS ST MICHEL, 31390 CARBONNE","0609337540","entreprise.semail@gmail.com","3320550450","33205504500048","1",90556,31,"52"
"IDEX ENERGIES MIDI PYRENEES ET PAYS DE L'ADOUR","https://www.qualibat.com/resultat-de-la-recherche/idex-energies-midi-pyrenees-et-pays-de-l-adour-134597","1862 AVENUE DE LA LAURAGAISE, 31670 LABEGE","0561302016","david.alberola@idex.fr","3158716400","31587164001728","91",5740000,31,"52"
"CK PLOMBERIE","https://www.qualibat.com/resultat-de-la-recherche/ck-plomberie-122515","12 ROUTE D'ESCALQUENS, 31320 CASTANET TOLOSAN","0675052855","ckplomberie@live.fr","4910396810","49103968100029","2",266610,31,"52"
"MORGAVI H2O CONFORT (SARL)","https://www.qualibat.com/resultat-de-la-recherche/morgavi-h2o-confort-sarl--5698","28 CHEMIN DES MOTTES, 31180 ST GENIES BELLEVUE","0561208215","morgavi.h2o.confort@wanadoo.fr","4219153720","42191537200039","2",320236,31,"52"
"SARL RENE CASTERAS","https://www.qualibat.com/resultat-de-la-recherche/sarl-rene-casteras-6009","28 CHEMIN DES VIVANS, 31600 MURET","0561511410","dcasteras@free.fr","4515753440","45157534400010","2",301645,31,"52"
"LTJ MAINTENANCE","https://www.qualibat.com/resultat-de-la-recherche/ltj-maintenance-156904","30 ALLEE DE LA GRAVIERE, 31620 BOULOC","0642334367","contact@ltj-maintenance.fr","7942298640","79422986400028","5",735180,31,"52"
"PRO GAZ SERVICES","https://www.qualibat.com/resultat-de-la-recherche/pro-gaz-services-133411","4 IMPASSE DE LA VIGNE, 31410 NOE","0618161461","progazservices@orange.fr","4353477030","43534770300041","1",141216,31,"52"
"LEONARDI SARL","https://www.qualibat.com/resultat-de-la-recherche/leonardi-sarl-121367","5 CHEMIN DE PEYRAILLES, 31150 LESPINASSE","0561359385","contact@leonardi.pro","4478367680","44783676800013","4",486700,31,"52"
"DOMERGUE ENTREPRISE","https://www.qualibat.com/resultat-de-la-recherche/domergue-entreprise-123583","32 CHEMIN BOUDOU, 31200 TOULOUSE","0682064422","daniel-domergue@wanadoo.fr","7990945860","79909458600010","1",193000,31,"52"
"PATRICK PLOMBERIE  CHAUFFAGE EURL","https://www.qualibat.com/resultat-de-la-recherche/patrick-plomberie-chauffage-eurl-136104","LOTISSEMENT DU CHATEAU D'EAU 24 CHEMIN D'EMBRUSC, 31840 AUSSONNE","0687096151","bel.patrick@wanadoo.fr","5039382500","50393825000019","1",163000,31,"52"
"CARLESSO","https://www.qualibat.com/resultat-de-la-recherche/carlesso-125059","4000 CHEMIN DU MERLE BAT A, 31600 SEYSSES","0973140978","carlesso.sarl@carlesso.fr","7506024840","75060248400024","9",1040000,31,"52"
"THARET SERGE - STIC","https://www.qualibat.com/resultat-de-la-recherche/tharet-serge---stic-110195","D 18A BORDE HAUTE, 31540 MAURENS","0687653315","stic-energie@orange.fr","3219050850","32190508500056","1",106999,31,"52"
"ARTISAN.CHAUFFAGE.SANITAIRE.PHILIPPE","https://www.qualibat.com/resultat-de-la-recherche/artisan-chauffage-sanitaire-philippe-154169","306 CHE DE CASTELNAU, 31370 LABASTIDE CLERMONT","0603610845","acsp.plomberie@gmail.com","7941937890","79419378900011","1",67794,31,"52"
"NOE PLOMBERIE","https://www.qualibat.com/resultat-de-la-recherche/noe-plomberie-154245","637 ROUTE DE DAUX, 31330 MERVILLE","0561780199","noe.plomberie@orange.fr","4776370780","47763707800023","3",164591,31,"52"
"BR GENIE CLIMATIQUE","https://www.qualibat.com/resultat-de-la-recherche/br-genie-climatique-123594","182 RUE DU CLOS SAINT SAUVEUR, 31790 ST SAUVEUR","0561822118","brgenieclimatique@orange.fr","4018019560","40180195600038","1",114302,31,"52"
"DE JONG SARL","https://www.qualibat.com/resultat-de-la-recherche/de-jong-sarl-129516","21B RUE DU CEZEROU, 31270 CUGNAUX","0561928503","entreprise.dejong@neuf.fr","5191447370","51914473700011","3",418000,31,"52"
"DAFFOS LAURENT ENTREPRISE","https://www.qualibat.com/resultat-de-la-recherche/daffos-laurent-entreprise-110755","CHEMIN DE TARRABE QUARTIER LA HERRERE, 31800 POINTIS INARD","0561792880","laurent.daffos@orange.fr","4919209220","49192092200011","1",93557,31,"52"
"ARTISANS CHAUFFAGE ET GAZ SARL","https://www.qualibat.com/resultat-de-la-recherche/artisans-chauffage-et-gaz-sarl-124795","8 ROUTE D'AUSSONNE, 31700 CORNEBARRIEU","0561498134","aceg31@free.fr","4323392990","43233929900039","2",282850,31,"52"
"FERAL 31 SARL","https://www.qualibat.com/resultat-de-la-recherche/feral-31-sarl-5941","31  RUE GEORGES OHNET, 31200 TOULOUSE","0561114506","feral31@gmail.com","3995323990","39953239900041","6",9020000,31,"52"
"FLUIDE ENERGIE SERVICES","https://www.qualibat.com/resultat-de-la-recherche/fluide-energie-services-98554","ZONE D'ACTIVITE ECONOMIQUE PECHNAUQUIE SUD 19 RUE DE L'AVENUE MICHEL ROCARD, 31340 VILLEMUR SUR TARN","0562795236","joel.pelissier@fes-energie.fr","5291885830","52918858300015","13",1910000,31,"52"
"ERSO","https://www.qualibat.com/resultat-de-la-recherche/erso-134520","257 AVENUE DE GAROSSOS, 31700 BEAUZELLE","0561850459","razat@erso-toulouse.fr","4848739300","48487393000032","7",1090000,31,"52"
"JACQUEMOT RENOV ENERGIES","https://www.qualibat.com/resultat-de-la-recherche/jacquemot-renov-energies-180391","427 ROUTE DE VILLEMATIER, 31380 MONTJOIRE","0604142873","jacquemot.renov.energies@gmail.com","8533356510","85333565100016","2",115275,31,"52"
"LEFRANCAIS DAN","https://www.qualibat.com/resultat-de-la-recherche/lefrancais-dan-159661","6 ALLEE  DE L' HERBAUDIERE, 31770 COLOMIERS","0670869135","dan.lefrancais@gmail.com","5376668930","53766689300012","1",76121,31,"52"
"ENTREPRISE MARCHAND","https://www.qualibat.com/resultat-de-la-recherche/entreprise-marchand-5370","8 RUE MICHEL-ANGE, 31200 TOULOUSE","0561485699","compta@sarl-marchand.fr","5408024100","54080241000014","11",827002,31,"52"
"HANRARD NICOLAS","https://www.qualibat.com/resultat-de-la-recherche/hanrard-nicolas-183619","20 CHE RICARD LE PARAYRE, 31470 STE FOY DE PEYROLIERES","0618900651","hanrard.plomberie@orange.fr","8495684150","84956841500012","1",123288,31,"52"
"SEE CORACCIN ET FILS","https://www.qualibat.com/resultat-de-la-recherche/see-coraccin-et-fils-155374","ZI LAVIGNE, 31190 AUTERIVE","0561508372","coraccinetfils@wanadoo.fr","4128783080","41287830800029","5",722176,31,"52"
"CONDADO MULTI SERVICES","https://www.qualibat.com/resultat-de-la-recherche/condado-multi-services-108254","2 RUE DES MARGUERITES, 31140 AUCAMVILLE","0682839503","j.condado@wanadoo.fr","5334297340","53342973400015","6",5790000,31,"52"
"JACQUES BONO","https://www.qualibat.com/resultat-de-la-recherche/jacques-bono-166895","27 RTE DE REVEL, 31400 TOULOUSE","0768237739","jacques.bono@free.fr","8212383000","82123830000015","4",453409,31,"52"
"PAOLI DAVID SASU","https://www.qualibat.com/resultat-de-la-recherche/paoli-david-sasu-114581","315 ROUTE DE NARBONNE, 31810 VENERQUE","0629984750","davidpaoli@wanadoo.fr","4882444760","48824447600021","1",425423,31,"52"
"CEDRIC BONZOM","https://www.qualibat.com/resultat-de-la-recherche/cedric-bonzom-167388","17 R DE PECHBONNIEU, 31150 GRATENTOUR","0676468774","cedric.bonzom@hotmail.fr","8118573330","81185733300017","3",353537,31,"52"
"AGTHERM","https://www.qualibat.com/resultat-de-la-recherche/agtherm-5999","10 ALLEE MICHEL DE MONTAIGNE, 31770 COLOMIERS","0534489987","contact@agtherm.com","4487234940","44872349400036","135",24840000,31,"52"
"SOCIETE SPECIALISEE DES ENERGIES NOUVELLES","https://www.qualibat.com/resultat-de-la-recherche/societe-specialisee-des-energies-nouvelles-110764","501D CHE DE FONTAYNES, 31620 BOULOC","0609614892","ssen31620@gmail.com","5110089220","51100892200029","1",194550,31,"52"
"PCER","https://www.qualibat.com/resultat-de-la-recherche/pcer-188436","ZA DE L'ESPECHE 5 IMPASSE DE GASCOGNE, 31470 FONTENILLES","0561919522","pcer.31@orange.fr","8887329140","88873291400013","1",1,31,"52"
"CHAUFFAGE ET CLIMATISATION LEGRAY","https://www.qualibat.com/resultat-de-la-recherche/chauffage-et-climatisation-legray-102775","PARC ECONOMIQUE DU TRIANGLE AVENUE DE L'INDUSTRIE, 31660 BESSIERES","0561093706","vanessa.martin@chauffageclimlegray.com","4016048890","40160488900022","10",970523,31,"52"
"GLS PLOMBERIE","https://www.qualibat.com/resultat-de-la-recherche/gls-plomberie-122171","24 AVENUE DE LA REPUBLIQUE, 31700 CORNEBARRIEU","0662163078","gls.plomberie@gmail.com","7529128400","75291284000028","1",150000,31,"52"
"GAZ PLOMBERIE SERVICES","https://www.qualibat.com/resultat-de-la-recherche/gaz-plomberie-services-150099","63 CHEMIN DE BASSO CAMBO, 31100 TOULOUSE","0615910315","gaz.plomberie.services@hotmail.fr","5025392240","50253922400019","1",90742,31,"52"
"VILAR ASSISTANCE ENERGIES","https://www.qualibat.com/resultat-de-la-recherche/vilar-assistance-energies-175825","13 IMPASSE DE LA FLAMBERE, 31300 TOULOUSE","0787400857","vilarassistance@gmail.com","8319069950","83190699500020","4",460904,31,"52"
"OCELENA","https://www.qualibat.com/resultat-de-la-recherche/ocelena-172107","20 RUE DE LA GRAVETTE ZAC DE LA GRAVETTE, 31150 GRATENTOUR","0561356626","administration@ocelena.com","8119240910","81192409100036","9",810991,31,"52"
"FROID TOLOSAN","https://www.qualibat.com/resultat-de-la-recherche/froid-tolosan-73147","22 BIS RUE ST LAURENT, 31270 VILLENEUVE TOLOSANE","0561921591","contact@froid-tolosan-31.com","4525420610","45254206100018","10",1450000,31,"52"
"SMECSO COLOMIERS","https://www.qualibat.com/resultat-de-la-recherche/smecso-colomiers-6213","BAT B LOCAL 5 4 IMP ADA LOVELACE, 31830 PLAISANCE DU TOUCH","0561303969","contact31@smecso.com","3500540940","35005409400072","28",3560000,31,"52"
"GAPC SARL","https://www.qualibat.com/resultat-de-la-recherche/gapc-sarl-120784","29 BD DU LIBRE ECHANGE, 31650 ST ORENS DE GAMEVILLE","0561272433","gregory.amorin@orange.fr","8009824150","80098241500013","8",822191,31,"52"
"CATALA SAS","https://www.qualibat.com/resultat-de-la-recherche/catala-sas-116303","24 AVENUE DES PYRENEES, 31410 ST SULPICE SUR LEZE","0622716140","sasentreprisecatala@gmail.com","7984325060","79843250600011","2",208567,31,"52"
"IMPC ET ASSOCIES","https://www.qualibat.com/resultat-de-la-recherche/impc-et-associes-106903","495 RUE DE L'ORMIERE, 31380 MONTASTRUC LA CONSEILLERE","0534369477","impc@bbox.fr","4435411980","44354119800042","4",451274,31,"52"
"SOCOCLIM","https://www.qualibat.com/resultat-de-la-recherche/sococlim-5729","ZONE ARTISANALE DE VIGNALIS 3 CHEMIN DE VIGNALIS, 31130 FLOURENS","0561244324","sococlim@sococlim.fr","3946938650","39469386500047","8",1250000,31,"52"
"SANI CHAUFF","https://www.qualibat.com/resultat-de-la-recherche/sani-chauff-107927","18 BIS ROUTE DE MERVILLA, 31320 CASTANET TOLOSAN","","sanichauff@orange.fr","7887831570","78878315700027","1",295473,31,"52"
"GENICLIM MIDI-PYRENEES","https://www.qualibat.com/resultat-de-la-recherche/geniclim-midi-pyrenees-5797","9 PARC DU CASSÉ, 31240 ST JEAN","0562890606","geniclim@geniclim.fr","4044874070","40448740700029","27",6550000,31,"52"
"LUROX SERVICES","https://www.qualibat.com/resultat-de-la-recherche/lurox-services-164994","129 IMPASSE DE TOULOUSE, 31150 BRUGUIERES","0663132429","jerome.duquesne@sfr.fr","4113621710","41136217100034","1",122280,31,"52"
"IDEAL SANITHERM","https://www.qualibat.com/resultat-de-la-recherche/ideal-sanitherm-162969","11 ALLEE DE LA PAGUERE, 31470 ST LYS","0661929209","idealsanitherm31@gmail.com","4822505450","48225054500019","1",149811,31,"52"
"LARGUIER TECHNISUD","https://www.qualibat.com/resultat-de-la-recherche/larguier-technisud-131130","18 AVENUE DES ROSES, 31880 LA SALVETAT ST GILLES","0562481601","larguiertechnisud@orange.fr","4190851620","41908516200016","1",135773,31,"52"
"SAS BOULOC CEDRIC","https://www.qualibat.com/resultat-de-la-recherche/sas-bouloc-cedric-150285","7 RUE DE LA  BARRAGUE DOMAINE LA PLAINE, 31140 ST LOUP CAMMAS","0630776194","sas.bouloc@gmail.com","8005989630","80059896300018","1",229327,31,"52"
"RCSC","https://www.qualibat.com/resultat-de-la-recherche/rcsc-130993","3 AVENUE DE LA MOUYSSAGUESE, 31280 DREMIL LAFAGE","0561839296","raynaud.chauffage@wanadoo.fr","4025031710","40250317100017","1",117848,31,"52"
"PYRENEES P.A.C. SARL","https://www.qualibat.com/resultat-de-la-recherche/pyrenees-p-a-c-sarl-123596","17 BIS IMPASSE LES BOULEAUX, 31220 MARTRES TOLOSANE","0636954958","thierry.fabert@hotmail.fr","7905243260","79052432600010","2",210366,31,"52"
"TIM","https://www.qualibat.com/resultat-de-la-recherche/tim-5965","3 RUE DESCOINS TINARD, 31100 TOULOUSE","0561220434","tim31@wanadoo.fr","4339879060","43398790600016","5",503299,31,"52"
"GP SERVICES","https://www.qualibat.com/resultat-de-la-recherche/gp-services-123923","8 RUE DU LAURAGAIS, 31820 PIBRAC","0561869923","gpservices.gaz@orange.fr","3993490000","39934900000014","2",251126,31,"52"
"ENGIE HOME SERVICES","https://www.qualibat.com/resultat-de-la-recherche/engie-home-services-121127","11 RUE MARIUS TERCE, 31300 TOULOUSE","0561247124","toulouse-occitane.homeservices@engie.com","3013405840","30134058405615","35",4260000,31,"52"
"AM PLOMBERIE 31","https://www.qualibat.com/resultat-de-la-recherche/am-plomberie-31-165225","2 RUE DE LA GARONNE, 31120 ROQUETTES","0663775902","mchauffage@free.fr","4518951550","45189515500021","1",80337,31,"52"
"KALITEC GENIE CLIMATIQUE","https://www.qualibat.com/resultat-de-la-recherche/kalitec-genie-climatique-89659","31 AVENUE MERCURE, 31130 QUINT FONSEGRIVES","0562187858","kalitec@kalitec.fr","5246982060","52469820600025","24",5260000,31,"52"
"ACTION THERMIE","https://www.qualibat.com/resultat-de-la-recherche/action-thermie-144800","249 ROUTE DE BAYONNE, 31300 TOULOUSE","0619136326","actionthermie@gmail.com","4935001690","49350016900013","1",113900,31,"52"
"CLIMA 6","https://www.qualibat.com/resultat-de-la-recherche/clima-6-8284","2 RUE DU MIDI LOCAL N° 11 ZONE ARTISANALE LA VACHE, 31270 FROUZINS","0561923352","alain.carrissimoux@clima6.fr","4778562980","47785629800021","6",687180,31,"52"
"DGP","https://www.qualibat.com/resultat-de-la-recherche/dgp-106412","1 BIS ROUTE DE BERAT, 31600 LHERM","0561567795","dgplabastidette@orange.fr","4827985010","48279850100029","2",178814,31,"52"
"TECHNIQUE PERFORMANCE FAISABILITE","https://www.qualibat.com/resultat-de-la-recherche/technique-performance-faisabilite-81206","3 RUE ISABELLE EBERHARDT, 31200 TOULOUSE","0561715114","philippe.castelle@alliaserv.fr","4345706850","43457068500066","52",11260000,31,"52"
"ABSO","https://www.qualibat.com/resultat-de-la-recherche/abso-181468","14 RUE DE L'AUSSAU, 31600 LABASTIDETTE","0672801599","contact@absogroupe.fr","8532940720","85329407200014","3",360000,31,"52"
"BIO ENERGIES DIFFUSION","https://www.qualibat.com/resultat-de-la-recherche/bio-energies-diffusion-79543","4 RUE DU DEVELOPPEMENT ZONE ARTISANALE, 31320 CASTANET TOLOSAN","0617961497","lazard@bioenergies31.com","4840852950","48408529500026","11",2710000,31,"52"
"INEO MIDI PYRENEES LANGUEDOC ROUSSILLON","https://www.qualibat.com/resultat-de-la-recherche/ineo-midi-pyrenees-languedoc-roussillon-6050","16 RUE CLAUDE MARIE PERROUD BP 34749, 31047 TOULOUSE  CEDEX 01","0561503250","amelie.miquel@engie.com","4147195340","41471953400094","161",21700000,31,"52"
"DOMARCO  (EURL)","https://www.qualibat.com/resultat-de-la-recherche/domarco-eurl--5316","2 ROUTE LAVALETTE, 31180 CASTELMAUROU","0561740840","bruno@domarco.fr","3505490100","35054901000022","2",297727,31,"52"
"JACQUET PASCAL","https://www.qualibat.com/resultat-de-la-recherche/jacquet-pascal-103748","11 CHEMIN DE THIERE, 31470 FONTENILLES","0686667200","pj.jacquet@gmail.com","4913845740","49138457400035","3",363054,31,"52"
"SARL R BUC ENTREPRISE","https://www.qualibat.com/resultat-de-la-recherche/sarl-r-buc-entreprise-165770","QUARTIER MONTIDET, 31160 IZAUT DE L'HOTEL","0561884676","entreprise.rbuc@orange.fr","5336429300","53364293000010","4",32000,31,"52"
"CONCEPT ENERGIE RENOVATION","https://www.qualibat.com/resultat-de-la-recherche/concept-energie-renovation-182310","4 BOULEVARD DES MINIMES, 31200 TOULOUSE","0676536936","didiercau1968@gmail.com","8798104970","87981049700013","1",117179,31,"52"
"MTPF","https://www.qualibat.com/resultat-de-la-recherche/mtpf-175605","3 RUE ISABELLE EBERHARDT, 31200 TOULOUSE","0561715114","philippe.castelle@alliaserv.fr","8152115030","81521150300017","47",6020000,31,"52"
"CASSAN","https://www.qualibat.com/resultat-de-la-recherche/cassan-181060","35 RTE DE SODE, 31110 JUZET DE LUCHON","0677102856","her31@hotmail.fr","8212725800","82127258000019","2",111838,31,"52"
"LAFFAGE PATRICK ENTREPRISE","https://www.qualibat.com/resultat-de-la-recherche/laffage-patrick-entreprise-136109","5 AVENUE DE LABESSAN, 31220 MARTRES TOLOSANE","0561986894","p.laffage@orange.fr","4445821590","44458215900018","1",136961,31,"52"
"MOULIS MICKAEL","https://www.qualibat.com/resultat-de-la-recherche/moulis-mickael-180705","7 ESP ANDRE MICHAUX APPT D 202, 31130 BALMA","0616194980","mickaelmoulis@gmail.com","8000482250","80004822500026","1",23561,31,"52"
"ATS","https://www.qualibat.com/resultat-de-la-recherche/ats-171068","11 RTE DE DEYME BAT 1 APPT 3, 31450 POMPERTUZAT","0616467847","ats-eurl@orange.fr","8247527030","82475270300010","1",149392,31,"52"
"DE FIL A PLOMB","https://www.qualibat.com/resultat-de-la-recherche/de-fil-a-plomb-139566","2 CHEMIN CAOUSSE, 31650 ST ORENS DE GAMEVILLE","0561207089","defilaplomb@free.fr","5127515200","51275152000010","1",152191,31,"52"
"CPM LERMISSON","https://www.qualibat.com/resultat-de-la-recherche/cpm-lermisson-133448","22 RUE DES CAPUCINS, 31340 VILLEMUR SUR TARN","0531542144","cpmlermisson@outlook.fr","8030720400","80307204000014","1",72905,31,"52"
"D.E.R DE WIT","https://www.qualibat.com/resultat-de-la-recherche/d-e-r-de-wit-146574","8 ZONE ARTISANALE LE COLOMBIER, 31460 CARAMAN","0561832331","der.28@orange.fr","4896208490","48962084900047","8",675448,31,"52"
"SUBRA CST","https://www.qualibat.com/resultat-de-la-recherche/subra-cst-119242","ZA BOUCHET 6 CHEMIN DES AGREOUS, 31560 CALMONT","0561086879","contact@subracst.fr","5305604320","53056043200011","21",3380000,31,"52"
"ALLAIS CHRISTIAN (ENTREPRISE)","https://www.qualibat.com/resultat-de-la-recherche/allais-christian-entreprise--5884","14 RUE JOB, 31000 TOULOUSE","0561626559","accueil@allaisentreprise.fr","4239420020","42394200200027","2",103053,31,"52"
"GROUPE CASOL","https://www.qualibat.com/resultat-de-la-recherche/groupe-casol-162602","26 CHEMIN DE LA GLACIERE, 31200 TOULOUSE","0561097764","contact.groupecasol@gmail.com","8203438200","82034382000040","22",2100000,31,"52"
"DECAP OLIVIER","https://www.qualibat.com/resultat-de-la-recherche/decap-olivier-130839","QUARTIER TOURNAS, 31420 CASSAGNABERE TOURNAS","0608356217","o.decap@free.fr","3995629740","39956297400028","1",173480,31,"52"
"ASO ALARME SECURITE OCCITANE","https://www.qualibat.com/resultat-de-la-recherche/aso-alarme-securite-occitane-5867","5 ROUTE DE SEYSSES, 31100 TOULOUSE","0561076607","s.sauliere@aso31.fr","3417023970","34170239700025","41",6480000,31,"52"
"ICCSER","https://www.qualibat.com/resultat-de-la-recherche/iccser-114834","3 CHEMIN DE LABARTHE, 31600 LABASTIDETTE","0562203985","contact@iccser.fr","7945077070","79450770700014","9",700000,31,"52"
"ETE HIVER","https://www.qualibat.com/resultat-de-la-recherche/ete-hiver-128195","12 PLACE DE LA MAIRIE, 31140 PECHBONNIEU","0561849139","ete.hiver@hotmail.fr","4917431420","49174314200029","4",463492,31,"52"
"ABRATE","https://www.qualibat.com/resultat-de-la-recherche/abrate-122165","12 RUE DE GRENADE, 31150 FENOUILLET","0612254815","eric.abrate@wanadoo.fr","4503185550","45031855500015","5",510182,31,"52"
"NOVADIA ENERGIE","https://www.qualibat.com/resultat-de-la-recherche/novadia-energie-174467","10 RUE HENRI TURNER, 31100 TOULOUSE","0532581438","boujemaa.ait88@gmail.com","8342624380","83426243800056","12",909092,31,"52"
"AD VALIDEM ENR TOULOUSE","https://www.qualibat.com/resultat-de-la-recherche/ad-validem-enr-toulouse-91604","10 BIS RUE ALFRED SAUVY, 31270 CUGNAUX","0582954595","jeanpaul.rousseau@advalidem.com","5121346280","51213462800043","35",3690000,31,"52"
"EATEC","https://www.qualibat.com/resultat-de-la-recherche/eatec-163109","102 CHEMIN DU CHATEAU DE L'HERS, 31500 TOULOUSE","0986878899","contact@eatec.fr","8222121300","82221213000022","4",250000,31,"52"
"MONTAUT VINCENT","https://www.qualibat.com/resultat-de-la-recherche/montaut-vincent-153521","LOTISSEMENT ARTISANAL LE SESCAS, 31110 MONTAUBAN DE LUCHON","0608300029","vincent.montaut@wanadoo.fr","5092992020","50929920200010","1",133250,31,"52"
"NEOBAT SERVICES","https://www.qualibat.com/resultat-de-la-recherche/neobat-services-144165","4 CHEMIN DE LANGLADE, 31450 POMPERTUZAT","0561834600","antoine.valton@wanadoo.fr","5213325850","52133258500012","2",258381,31,"52"
"ORTET STEPHANE","https://www.qualibat.com/resultat-de-la-recherche/ortet-stephane-114275","314 B RTE DE SEYSSES, 31100 TOULOUSE","0562879019","karine@ortet-artisan.com","5029371880","50293718800030","3",636000,31,"52"
"CENTRE DE SECURITE ET ENTRETIEN DES EQUIPEMENTS","https://www.qualibat.com/resultat-de-la-recherche/centre-de-securite-et-entretien-des-equipements-157322","15 RUE BOUDEVILLE , 31100 TOULOUSE","0562835913","s.foucaut@groupe-cs2e.fr","8175736030","81757360300021","13",1460000,31,"52"
"SARL DE PONTE","https://www.qualibat.com/resultat-de-la-recherche/sarl-de-ponte-152440","CHE DE LA CARRIERE OBSCURE, 31190 CAUJAC","0675191175","salvadeponte@gmail.com","4899752190","48997521900028","1",112000,31,"52"
"BISCARO PLOMBERIE","https://www.qualibat.com/resultat-de-la-recherche/biscaro-plomberie-93276","ROUTE DE MANE, 31260 FIGAROL","0561982540","biscaro.plomberie@orange.fr","3498456930","34984569300010","2",77220,31,"52"
"SERVICE TECHNIC GAZ (STG)","https://www.qualibat.com/resultat-de-la-recherche/service-technic-gaz-stg--182377","17 RUE ELISE DEROCHE, 31320 PECHBUSQUE","0561732198","bilotte.bertrand@neuf.fr","8525300130","85253001300014","3",290000,31,"52"
"PUJOL RENE ET FILS","https://www.qualibat.com/resultat-de-la-recherche/pujol-rene-et-fils-143736","37 TER ROUTE DE SAINTE GERMAINE, 31800 MIRAMONT DE COMMINGES","0561893207","info@rene-pujol.com","4129417000","41294170000038","12",1260000,31,"52"
"LECLERC MAINTENANCE CHAUFFAGE 31","https://www.qualibat.com/resultat-de-la-recherche/leclerc-maintenance-chauffage-31-166745","73 AV DU SERS, 31140 AUCAMVILLE","0783730725","lmc.31@hotmail.com","8227623080","82276230800010","4",294204,31,"52"
"BATI PREST SUD OUEST","https://www.qualibat.com/resultat-de-la-recherche/bati-prest-sud-ouest-116920","248 TER ROUTE DE BAYONNE, 31300 TOULOUSE","0562129820","comptabilite@batiprest.fr","4795657070","47956570700037","15",1520000,31,"52"
"SP ENERGY","https://www.qualibat.com/resultat-de-la-recherche/sp-energy-185617","5 RUE PASTEUR, 31410 MAUZAC","0531546351","sp.energy31@gmail.com","8785075400","87850754000010","1",79543,31,"52"
"GARCIA MATHIEU","https://www.qualibat.com/resultat-de-la-recherche/garcia-mathieu-134173","25 RUE ESCOUSSIERES, 31550 CINTEGABELLE","0607176770","garchauff@free.fr","5353298740","53532987400015","1",80000,31,"52"
"STEFAN SARL","https://www.qualibat.com/resultat-de-la-recherche/stefan-sarl-5638","5 CHEMIN DES FUSILLES DU BOIS DE LA REULE, 31180 CASTELMAUROU","0561847688","cyril.stefan81@gmail.com","4217923830","42179238300026","6",507968,31,"52"
"CIEUTAT-SEILHAN SARL","https://www.qualibat.com/resultat-de-la-recherche/cieutat-seilhan-sarl-153551","RTE DE CAZERES ZONE INDUSTRIELLE, 31430 LE FOUSSERET","0645035689","cieutat-seilhan@orange.fr","5251850700","52518507000014","3",508816,31,"52"
"FACEO FM SUD-OUEST","https://www.qualibat.com/resultat-de-la-recherche/faceo-fm-sud-ouest-182432","4 RUE PAUL MESPLE, 31100 TOULOUSE","0648127407","david.lesage@vinci-facilities.com","5352589250","53525892500028","69",10470000,31,"52"
"BT MULTI SERVICES","https://www.qualibat.com/resultat-de-la-recherche/bt-multi-services-126861","2 RUE DES ECOLES, 31600 LABASTIDETTE","0637503347","bt.multiservices@bbox.fr","5027873280","50278732800025","2",171575,31,"52"
"HUGUET LILIAN","https://www.qualibat.com/resultat-de-la-recherche/huguet-lilian-144640","PENELE EST, 31310 RIEUX VOLVESTRE","0561878282","lilianhuguet31@gmail.com","8080132540","80801325400020","3",252310,31,"52"
"ASPEC-SERVIGAZ","https://www.qualibat.com/resultat-de-la-recherche/aspec-servigaz-119436","29B BOULEVARD DE GENEVE, 31200 TOULOUSE","0609763178","contact@aspecservigaz.fr","4402161090","44021610900031","15",1680000,31,"52"
"RCO PLOMBERIE","https://www.qualibat.com/resultat-de-la-recherche/rco-plomberie-106901","98 CHEMIN DE NICOL, 31200 TOULOUSE","0561112228","contact@rco-31.com","5335305490","53353054900021","12",1140000,31,"52"
"MATHIE VICTOR","https://www.qualibat.com/resultat-de-la-recherche/mathie-victor-190999","18 B RUE ST LAURENT RES SOLARIS RDC APT 11, 31270 VILLENEUVE TOLOSANE","0656700119","ent.vicmat@gmail.com","8395531950","83955319500018","1",44575,31,"52"
"KLEINHANS XAVIER ENTREPRISE","https://www.qualibat.com/resultat-de-la-recherche/kleinhans-xavier-entreprise-133414","25 CHEMIN DE LA CARRERE, 31390 PEYSSIES","0561874579","xavpro@kleinhans31.fr","7888088630","78880886300013","1",70895,31,"52"
"PYRETHERM","https://www.qualibat.com/resultat-de-la-recherche/pyretherm-5425","3 IMPASSE DU CRABERE, 31800 ESTANCARBON","0562009191","f.hammerlin@pyretherm.com","3331604890","33316048900030","39",3810000,31,"52"
"SARL ATHERMIC","https://www.qualibat.com/resultat-de-la-recherche/sarl-athermic-74860","5 RUE MARCEL LANGER, 31600 SEYSSES","0561511389","info@athermicsarl.com","4415254820","44152548200010","5",440859,31,"52"
"CLIMAT ENERGIE","https://www.qualibat.com/resultat-de-la-recherche/climat-energie-187879","5002 F ROUTE DE SALLES, 31220 ST JULIEN","0666345506","climat.energie31@gmail.com","8905040870","89050408700010","3",37788,31,"52"
"TSO","https://www.qualibat.com/resultat-de-la-recherche/tso-129521","LA VIGUERIE, 31290 VILLENOUVELLE","0603555505","contact@tsoclim.fr","3888932990","38889329900023","1",215077,31,"52"
"GUIRAUD ERIC","https://www.qualibat.com/resultat-de-la-recherche/guiraud-eric-151895","20 RUE MAURICE CAUNES, 31200 TOULOUSE","0561615303","guiraudchauffage@orange.fr","3831701980","38317019800030","4",371275,31,"52"
"ESCALTHERM","https://www.qualibat.com/resultat-de-la-recherche/escaltherm-141984","1 CHEMIN DE LA GRAVE, 31750 ESCALQUENS","0534661312","escaltherm@wanadoo.fr","4239843500","42398435000029","2",305537,31,"52"
"PLOMBIER 31","https://www.qualibat.com/resultat-de-la-recherche/plombier-31-108657","1223 ROUTE DE BRAGOT, 31470 FONSORBES","0952090031","plombier31@gmail.com","7521802650","75218026500015","5",409398,31,"52"
"BOURET DEPANNAGE GAZ","https://www.qualibat.com/resultat-de-la-recherche/bouret-depannage-gaz-114401","19 ALLEE BELLE ILE, 31770 COLOMIERS","0607050295","bouret.didier@wanadoo.fr","4335927890","43359278900013","1",258267,31,"52"
"SARL ENTREPRISE STANDLEY","https://www.qualibat.com/resultat-de-la-recherche/sarl-entreprise-standley-141020","1963 ROUTE DE VACQUIERS LES PRADELS, 31380 MONTJOIRE","0561097737","plomberiestandley@gmail.com","3847116510","38471165100016","1",105799,31,"52"
"HD CONFORT","https://www.qualibat.com/resultat-de-la-recherche/hd-confort-127045","15 RUE ANDRE ETCHEVERLEPO, 31200 TOULOUSE","0611174282","hd-confort@sfr.fr","5353656880","53536568800014","1",163500,31,"52"
"ARMAING CHAUFFAGE CLIMATISATION","https://www.qualibat.com/resultat-de-la-recherche/armaing-chauffage-climatisation-138760","ZONE PYTHAGORE 151 RUE EUCLIDE, 31620 BOULOC","0582743641","contact@viareno.com","8000697000","80006970000048","36",6930000,31,"52"
"MBS ECO ENERGIE","https://www.qualibat.com/resultat-de-la-recherche/mbs-eco-energie-171781","12 BIS RUE DU MILIEU, 31800 VALENTINE","0789484861","mbs.eco.energie@gmail.com","8324892230","83248922300012","2",180000,31,"52"
"EURL BARTHE LAURENT","https://www.qualibat.com/resultat-de-la-recherche/eurl-barthe-laurent-103257","3 RUE ARIANE ZA MONTREDON, 31240 L'UNION","0534301065","laurent.barthe@wanadoo.fr","4152907660","41529076600021","16",2200000,31,"52"
"RIZZO GILLES","https://www.qualibat.com/resultat-de-la-recherche/rizzo-gilles-110743","6 RUE PIERRE FONS, 31600 MURET","0677175925","contact@rizzo-chauffage.fr","4539964490","45399644900022","5",406017,31,"52"
"GUY FREDERIC PLOMBERIE","https://www.qualibat.com/resultat-de-la-recherche/guy-frederic-plomberie-178304","2296 RTE DE MIREPOIX, 31660 BESSIERES","0624492953","guyfrederic-plombier@orange.fr","5207098250","52070982500027","1",111395,31,"52"
"RAMOS JOAQUIM","https://www.qualibat.com/resultat-de-la-recherche/ramos-joaquim-144162","VILLA 1 348 CHEMIN DE TUCAUT, 31100 TOULOUSE","0642408039","ets.ramosdavid@gmail.com","3504368530","35043685300021","2",224982,31,"52"
"PRO VJ","https://www.qualibat.com/resultat-de-la-recherche/pro-vj-153692","19 AVENUE SAINT EXUPERY, 31620 FRONTON","","sarlprovj@gmail.com","5324317070","53243170700027","3",279886,31,"52"
"SOTRAGEAC DNV","https://www.qualibat.com/resultat-de-la-recherche/sotrageac-dnv-105209","118 CHEMIN NICOL, 31200 TOULOUSE","0561489866","sotrageac.dnv@orange.fr","3909301130","39093011300027","8",829237,31,"52"
"BELMONTE LOUIS ET FILS SARL","https://www.qualibat.com/resultat-de-la-recherche/belmonte-louis-et-fils-sarl-100053","6 BIS CHEMIN PETIT JEAN, 31270 CUGNAUX","0561923147","sarl-belmonte@orange.fr","4853285040","48532850400025","2",273282,31,"52"
"BOUDET DAVID (SUD ECO ENERGIES)","https://www.qualibat.com/resultat-de-la-recherche/boudet-david-sud-eco-energies--157689","40 CHE DES SEPT DENIERS, 31200 TOULOUSE","0783224113","contact@sud-eco-energies.fr","5182831970","51828319700029","1",39300,31,"52"
"FAURE EVER","https://www.qualibat.com/resultat-de-la-recherche/faure-ever-100706","20 RUE DU FAREL, 31250 REVEL","0973154931","faureever@hotmail.fr","5033478410","50334784100010","2",270000,31,"52"
"FRANCE ENERGETIQUE","https://www.qualibat.com/resultat-de-la-recherche/france-energetique-184509","2 RUE DU LISTAN, 31490 BRAX","0676212520","denis.chaneming@yahoo.fr","5034527400","50345274000049","8",786779,31,"52"
"BENECH HENRI","https://www.qualibat.com/resultat-de-la-recherche/benech-henri-5868","4 IMPASSE DU DÉPOSIT, 31140 LAUNAGUET","0561746834","henri.benech@orange.fr","3089228890","30892288900024","1",40500,31,"52"
"BOBION ET JOANIN TOULOUSE","https://www.qualibat.com/resultat-de-la-recherche/bobion-et-joanin-toulouse-167385","2 BIS CHEMIN DE CANDIE, 31120 PORTET SUR GARONNE","0561444500","toulouse@bobion-joanin.fr","8209545190","82095451900030","12",2200000,31,"52"
"RAMADE ET FILS","https://www.qualibat.com/resultat-de-la-recherche/ramade-et-fils-147743","25 CHE DE MONTSEIGNET, 31450 CORRONSAC","0561819850","ramadeetfils@orange.fr","5045596670","50455966700010","1",131061,31,"52"
"TUNZINI TOULOUSE","https://www.qualibat.com/resultat-de-la-recherche/tunzini-toulouse-5948","5 RUE ISAAC NEWTON CS 80019, 31831 PLAISANCE DU TOUCH CEDEX","0561168180","tunzinitoulouse@tunzini.fr","4339082580","43390825800059","86",24190000,31,"52"
"PROXISERVE","https://www.qualibat.com/resultat-de-la-recherche/proxiserve-187925","31 AV EMILE DEWOITINE, 31200 TOULOUSE","0532810010","sgauvin@proxiserve.fr","3348737260","33487372602664","13",1320000,31,"52"
"MONCHAUZOU ET FILS","https://www.qualibat.com/resultat-de-la-recherche/monchauzou-et-fils-186429","740 ROUTE DE TOULOUSE N°24, 31660 BUZET SUR TARN","0679886929","sci.monchauzou@hotmail.com","8332493110","83324931100022","1",99800,31,"52"
"CALITHERMIE SARL","https://www.qualibat.com/resultat-de-la-recherche/calithermie-sarl-115382","7 RUE LE CLOS ANTONIN, 31150 FENOUILLET","0562755236","calithermie@free.fr","4952512900","49525129000013","1",248676,31,"52"
"HOT CLIM","https://www.qualibat.com/resultat-de-la-recherche/hot-clim-119438","4 PLACE DES MEUNIERS, 31270 FROUZINS","0561928374","hotclim@hotmail.fr","4785353700","47853537000017","1",125230,31,"52"
"FAURE STEPHANE","https://www.qualibat.com/resultat-de-la-recherche/faure-stephane-144161","20 QUAI DE TOUNIS, 31000 TOULOUSE","0630211377","plombierproximite@gmail.com","7981891060","79818910600023","1",94009,31,"52"
"PALACIN-CHAUFFAGE","https://www.qualibat.com/resultat-de-la-recherche/palacin-chauffage-133426","185 AVENUE DE CASTRES, 31660 BESSIERES","0695413113","palacin31@free.fr","5153761430","51537614300027","2",167000,31,"52"
"BABERT PLOMBERIE INSTALLATIONS ET DEPANNAGES","https://www.qualibat.com/resultat-de-la-recherche/babert-plomberie-installations-et-depannages-144186","41 AVENUE DU LAURAGAIS, 31280 MONS","0665060497","babertplomberie@gmail.com","5033434100","50334341000034","2",359177,31,"52"
"INGENIERIE ENERGETIQUE GLOBALE","https://www.qualibat.com/resultat-de-la-recherche/ingenierie-energetique-globale-102231","1 RUE DE BORDE BASSE LOTISSEMENT LA VIOLETTE SUD, 31240 L'UNION","0950763342","mlohier@economie-energetique.com","5206410850","52064108500045","48",6460000,31,"52"
"CARTHERY JEAN JACQUES SARL","https://www.qualibat.com/resultat-de-la-recherche/carthery-jean-jacques-sarl-117996","CAP DE LA VIEILLE, 31350 CARDEILHAC","0561892775","sarlcarthery@wanadoo.fr","4078001680","40780016800012","8",825700,31,"52"
"LOUSTEAU CHRISTIAN","https://www.qualibat.com/resultat-de-la-recherche/lousteau-christian-127054","3620 ROUTE DE SAINT LYS, 31600 SEYSSES","0660575523","ent.loustchris@orange.fr","4409340990","44093409900019","2",111296,31,"52"
"PELISSIER MATHIEU (OCCITANIA PLOMBERIE CHAUFFAGE)","https://www.qualibat.com/resultat-de-la-recherche/pelissier-mathieu-occitania-plomberie-chauffage--145355","JARDIN DU CANAL 16 RUE DES JARDINS DU CANAL, 31150 LESPINASSE","0619957244","occitania.plomberie@live.fr","5392545240","53925452400033","1",88850,31,"52"
"ACTIF ENERGIE","https://www.qualibat.com/resultat-de-la-recherche/actif-energie-144181","14 RTE DE SAINT LYS, 31490 LEGUEVIN","0561863654","actifenergie@yahoo.fr","4994915120","49949151200012","2",189475,31,"52"
"ENTREPRISE BEDOURET","https://www.qualibat.com/resultat-de-la-recherche/entreprise-bedouret-82209","91 RUE DE FENOUILLET, 31200 TOULOUSE","0561573566","christophe@bedouret.fr","4494669370","44946693700017","9",1170000,31,"52"
"ENELAT SUD OUEST","https://www.qualibat.com/resultat-de-la-recherche/enelat-sud-ouest-99380","70 CHEMIN DE PAYSSAT Z.I DE MONTAUDRAN, 31400 TOULOUSE","0557891090","florence.collin@enelat.com","5295571420","52955714200021","98",15610000,31,"52"
"COUSTEAU EURL","https://www.qualibat.com/resultat-de-la-recherche/cousteau-eurl-144173","4 RUE DE BELLEVILLE, 31200 TOULOUSE","0658398483","contact@cousteau-plomberie.fr","8026725920","80267259200028","5",260203,31,"52"
"ETSP","https://www.qualibat.com/resultat-de-la-recherche/etsp-150648","31 CHEMIN DE LA GARENNE LIEU DIT CLAUZOLLES, 31410 NOE","0680656820","e.t.s.p@free.fr","4990459870","49904598700025","5",643007,31,"52"
"DEFUSCO-DUCOS","https://www.qualibat.com/resultat-de-la-recherche/defusco-ducos-157190","LE VILLAGE, 31420 BOUZIN","0611055585","pierredefusco@orange.fr","8174126950","81741269500014","4",208796,31,"52"
"EURL GARCIA BERNARD","https://www.qualibat.com/resultat-de-la-recherche/eurl-garcia-bernard-105443","1740 ROUTE DE BERAT, 31410 LAVERNOSE LACASSE","0534480775","eurlgarciabernard@yahoo.fr","4327688850","43276888500027","2",201429,31,"52"
"SUD OUEST CLIMATISATION CHAUFFAGE SANITAIRE (S.O.C.C.S.)","https://www.qualibat.com/resultat-de-la-recherche/sud-ouest-climatisation-chauffage-sanitaire-s-o-c-c-s--155108","298 AV DE FRONTON, 31200 TOULOUSE","0534400930","soccs@orange.fr","3278427200","32784272000036","23",1600000,31,"52"
"BAJON","https://www.qualibat.com/resultat-de-la-recherche/bajon-106411","107 AVENUE JEAN RIEUX, 31500 TOULOUSE","0561800088","bajonpierre@yahoo.fr","3490495850","34904958500012","5",668758,31,"52"
"CLIMAX","https://www.qualibat.com/resultat-de-la-recherche/climax-5964","4 RUE PAUL ROCACHÉ, 31100 TOULOUSE","0534614414","joelle@climax.fr","3853437280","38534372800049","58",13480000,31,"52"
"SARL PALACIN","https://www.qualibat.com/resultat-de-la-recherche/sarl-palacin-5612","4 RUE MAZAS, 31500 TOULOUSE","0561117895","ste.palacin@wanadoo.fr","3176843140","31768431400048","8",658496,31,"52"
"DELBREL SARL","https://www.qualibat.com/resultat-de-la-recherche/delbrel-sarl-155062","4 RUE DES TANNEURS, 31250 REVEL","0672013689","sarl.delbrelchristophe@orange.fr","4944368270","49443682700013","1",77374,31,"52"
"VIGNEAUX ETS","https://www.qualibat.com/resultat-de-la-recherche/vigneaux-ets-127074","QUARTIER LABOURDETTE, 31420 ALAN","0561989028","thierry.vigneaux@wanadoo.fr","4205445380","42054453800028","6",361950,31,"52"
"CADORIN","https://www.qualibat.com/resultat-de-la-recherche/cadorin-5520","RN 117 QUARTIER PABAN-BÉQUINE, 31800 ESTANCARBON","0561891573","etscadorin@wanadoo.fr","3012532330","30125323300029","4",393079,31,"52"
"PUIG DANIEL SARL","https://www.qualibat.com/resultat-de-la-recherche/puig-daniel-sarl-128284","72 RUE DES TROENES, 31200 TOULOUSE","0681369344","plomberiedanielpuig@gmail.com","4205407910","42054079100019","2",197346,31,"52"
"SPIE INDUSTRIE & TERTIAIRE - AGENCE DE TOULOUSE","https://www.qualibat.com/resultat-de-la-recherche/spie-industrie-tertiaire---agence-de-toulouse-174832","70 CHEMIN DE PAYSSAT ZI DE MONTAUDRAN CS 34056, 31029 TOULOUSE CEDEX 4","0561367777","d.valaize@spie.com","4400558610","44005586101864","72",13780000,31,"52"
"C2E HABITAT","https://www.qualibat.com/resultat-de-la-recherche/c2e-habitat-175307","40 RUE ARISTIDE BERGES, 31270 CUGNAUX","0658227714","contact@c2e-habitat.fr","8401655340","84016553400016","13",2700000,31,"52"
"ASNAR GEORGES","https://www.qualibat.com/resultat-de-la-recherche/asnar-georges-141321","35 RUE DES OLIERES, 31310 MONTESQUIEU VOLVESTRE","0561904381","asnar.georges@orange.fr","3849521980","38495219800024","3",172307,31,"52"
"SEMAIL MOHAMED","https://www.qualibat.com/resultat-de-la-recherche/semail-mohamed-110768","1 ROUTE DE PEYSSIES QUARTIERS ST MICHEL, 31390 CARBONNE","0609337540","entreprise.semail@gmail.com","3320550450","33205504500048","1",90556,31,"52"
"IDEX ENERGIES MIDI PYRENEES ET PAYS DE L'ADOUR","https://www.qualibat.com/resultat-de-la-recherche/idex-energies-midi-pyrenees-et-pays-de-l-adour-134597","1862 AVENUE DE LA LAURAGAISE, 31670 LABEGE","0561302016","david.alberola@idex.fr","3158716400","31587164001728","91",5740000,31,"52"
"CK PLOMBERIE","https://www.qualibat.com/resultat-de-la-recherche/ck-plomberie-122515","12 ROUTE D'ESCALQUENS, 31320 CASTANET TOLOSAN","0675052855","ckplomberie@live.fr","4910396810","49103968100029","2",266610,31,"52"
"MORGAVI H2O CONFORT (SARL)","https://www.qualibat.com/resultat-de-la-recherche/morgavi-h2o-confort-sarl--5698","28 CHEMIN DES MOTTES, 31180 ST GENIES BELLEVUE","0561208215","morgavi.h2o.confort@wanadoo.fr","4219153720","42191537200039","2",320236,31,"52"
"SARL RENE CASTERAS","https://www.qualibat.com/resultat-de-la-recherche/sarl-rene-casteras-6009","28 CHEMIN DES VIVANS, 31600 MURET","0561511410","dcasteras@free.fr","4515753440","45157534400010","2",301645,31,"52"
"LTJ MAINTENANCE","https://www.qualibat.com/resultat-de-la-recherche/ltj-maintenance-156904","30 ALLEE DE LA GRAVIERE, 31620 BOULOC","0642334367","contact@ltj-maintenance.fr","7942298640","79422986400028","5",735180,31,"52"
"PRO GAZ SERVICES","https://www.qualibat.com/resultat-de-la-recherche/pro-gaz-services-133411","4 IMPASSE DE LA VIGNE, 31410 NOE","0618161461","progazservices@orange.fr","4353477030","43534770300041","1",141216,31,"52"
"LEONARDI SARL","https://www.qualibat.com/resultat-de-la-recherche/leonardi-sarl-121367","5 CHEMIN DE PEYRAILLES, 31150 LESPINASSE","0561359385","contact@leonardi.pro","4478367680","44783676800013","4",486700,31,"52"
"DOMERGUE ENTREPRISE","https://www.qualibat.com/resultat-de-la-recherche/domergue-entreprise-123583","32 CHEMIN BOUDOU, 31200 TOULOUSE","0682064422","daniel-domergue@wanadoo.fr","7990945860","79909458600010","1",193000,31,"52"
"PATRICK PLOMBERIE  CHAUFFAGE EURL","https://www.qualibat.com/resultat-de-la-recherche/patrick-plomberie-chauffage-eurl-136104","LOTISSEMENT DU CHATEAU D'EAU 24 CHEMIN D'EMBRUSC, 31840 AUSSONNE","0687096151","bel.patrick@wanadoo.fr","5039382500","50393825000019","1",163000,31,"52"
"CARLESSO","https://www.qualibat.com/resultat-de-la-recherche/carlesso-125059","4000 CHEMIN DU MERLE BAT A, 31600 SEYSSES","0973140978","carlesso.sarl@carlesso.fr","7506024840","75060248400024","9",1040000,31,"52"
"THARET SERGE - STIC","https://www.qualibat.com/resultat-de-la-recherche/tharet-serge---stic-110195","D 18A BORDE HAUTE, 31540 MAURENS","0687653315","stic-energie@orange.fr","3219050850","32190508500056","1",106999,31,"52"
"ARTISAN.CHAUFFAGE.SANITAIRE.PHILIPPE","https://www.qualibat.com/resultat-de-la-recherche/artisan-chauffage-sanitaire-philippe-154169","306 CHE DE CASTELNAU, 31370 LABASTIDE CLERMONT","0603610845","acsp.plomberie@gmail.com","7941937890","79419378900011","1",67794,31,"52"
"NOE PLOMBERIE","https://www.qualibat.com/resultat-de-la-recherche/noe-plomberie-154245","637 ROUTE DE DAUX, 31330 MERVILLE","0561780199","noe.plomberie@orange.fr","4776370780","47763707800023","3",164591,31,"52"
"BR GENIE CLIMATIQUE","https://www.qualibat.com/resultat-de-la-recherche/br-genie-climatique-123594","182 RUE DU CLOS SAINT SAUVEUR, 31790 ST SAUVEUR","0561822118","brgenieclimatique@orange.fr","4018019560","40180195600038","1",114302,31,"52"
"DE JONG SARL","https://www.qualibat.com/resultat-de-la-recherche/de-jong-sarl-129516","21B RUE DU CEZEROU, 31270 CUGNAUX","0561928503","entreprise.dejong@neuf.fr","5191447370","51914473700011","3",418000,31,"52"
"DAFFOS LAURENT ENTREPRISE","https://www.qualibat.com/resultat-de-la-recherche/daffos-laurent-entreprise-110755","CHEMIN DE TARRABE QUARTIER LA HERRERE, 31800 POINTIS INARD","0561792880","laurent.daffos@orange.fr","4919209220","49192092200011","1",93557,31,"52"
"ARTISANS CHAUFFAGE ET GAZ SARL","https://www.qualibat.com/resultat-de-la-recherche/artisans-chauffage-et-gaz-sarl-124795","8 ROUTE D'AUSSONNE, 31700 CORNEBARRIEU","0561498134","aceg31@free.fr","4323392990","43233929900039","2",282850,31,"52"
"FERAL 31 SARL","https://www.qualibat.com/resultat-de-la-recherche/feral-31-sarl-5941","31  RUE GEORGES OHNET, 31200 TOULOUSE","0561114506","feral31@gmail.com","3995323990","39953239900041","6",9020000,31,"52"
"FLUIDE ENERGIE SERVICES","https://www.qualibat.com/resultat-de-la-recherche/fluide-energie-services-98554","ZONE D'ACTIVITE ECONOMIQUE PECHNAUQUIE SUD 19 RUE DE L'AVENUE MICHEL ROCARD, 31340 VILLEMUR SUR TARN","0562795236","joel.pelissier@fes-energie.fr","5291885830","52918858300015","13",1910000,31,"52"
"ERSO","https://www.qualibat.com/resultat-de-la-recherche/erso-134520","257 AVENUE DE GAROSSOS, 31700 BEAUZELLE","0561850459","razat@erso-toulouse.fr","4848739300","48487393000032","7",1090000,31,"52"
"JACQUEMOT RENOV ENERGIES","https://www.qualibat.com/resultat-de-la-recherche/jacquemot-renov-energies-180391","427 ROUTE DE VILLEMATIER, 31380 MONTJOIRE","0604142873","jacquemot.renov.energies@gmail.com","8533356510","85333565100016","2",115275,31,"52"
"LEFRANCAIS DAN","https://www.qualibat.com/resultat-de-la-recherche/lefrancais-dan-159661","6 ALLEE  DE L' HERBAUDIERE, 31770 COLOMIERS","0670869135","dan.lefrancais@gmail.com","5376668930","53766689300012","1",76121,31,"52"
"ENTREPRISE MARCHAND","https://www.qualibat.com/resultat-de-la-recherche/entreprise-marchand-5370","8 RUE MICHEL-ANGE, 31200 TOULOUSE","0561485699","compta@sarl-marchand.fr","5408024100","54080241000014","11",827002,31,"52"
"HANRARD NICOLAS","https://www.qualibat.com/resultat-de-la-recherche/hanrard-nicolas-183619","20 CHE RICARD LE PARAYRE, 31470 STE FOY DE PEYROLIERES","0618900651","hanrard.plomberie@orange.fr","8495684150","84956841500012","1",123288,31,"52"
"SEE CORACCIN ET FILS","https://www.qualibat.com/resultat-de-la-recherche/see-coraccin-et-fils-155374","ZI LAVIGNE, 31190 AUTERIVE","0561508372","coraccinetfils@wanadoo.fr","4128783080","41287830800029","5",722176,31,"52"
"CONDADO MULTI SERVICES","https://www.qualibat.com/resultat-de-la-recherche/condado-multi-services-108254","2 RUE DES MARGUERITES, 31140 AUCAMVILLE","0682839503","j.condado@wanadoo.fr","5334297340","53342973400015","6",5790000,31,"52"
"JACQUES BONO","https://www.qualibat.com/resultat-de-la-recherche/jacques-bono-166895","27 RTE DE REVEL, 31400 TOULOUSE","0768237739","jacques.bono@free.fr","8212383000","82123830000015","4",453409,31,"52"
"PAOLI DAVID SASU","https://www.qualibat.com/resultat-de-la-recherche/paoli-david-sasu-114581","315 ROUTE DE NARBONNE, 31810 VENERQUE","0629984750","davidpaoli@wanadoo.fr","4882444760","48824447600021","1",425423,31,"52"
"CEDRIC BONZOM","https://www.qualibat.com/resultat-de-la-recherche/cedric-bonzom-167388","17 R DE PECHBONNIEU, 31150 GRATENTOUR","0676468774","cedric.bonzom@hotmail.fr","8118573330","81185733300017","3",353537,31,"52"
"AGTHERM","https://www.qualibat.com/resultat-de-la-recherche/agtherm-5999","10 ALLEE MICHEL DE MONTAIGNE, 31770 COLOMIERS","0534489987","contact@agtherm.com","4487234940","44872349400036","135",24840000,31,"52"
"SOCIETE SPECIALISEE DES ENERGIES NOUVELLES","https://www.qualibat.com/resultat-de-la-recherche/societe-specialisee-des-energies-nouvelles-110764","501D CHE DE FONTAYNES, 31620 BOULOC","0609614892","ssen31620@gmail.com","5110089220","51100892200029","1",194550,31,"52"
"PCER","https://www.qualibat.com/resultat-de-la-recherche/pcer-188436","ZA DE L'ESPECHE 5 IMPASSE DE GASCOGNE, 31470 FONTENILLES","0561919522","pcer.31@orange.fr","8887329140","88873291400013","1",1,31,"52"
"CLIM CONCEPT","https://www.qualibat.com/resultat-de-la-recherche/clim-concept-167842","7 RUE DES ENFANTS D'IZIEU, 31320 CASTANET TOLOSAN","0622081306","contact@ccf31.fr","7925148200","79251482000044","5",300000,31,"52"
"DBS","https://www.qualibat.com/resultat-de-la-recherche/dbs-77364","AVENUE MARCEL VIDAL, 31410 ST SULPICE SUR LEZE","0561874045","sarl.dbs-a2c@wanadoo.fr","4829857360","48298573600016","9",1370000,31,"52"
"DRIC","https://www.qualibat.com/resultat-de-la-recherche/dric-120560","60 RUE JULES CLARETIE, 31400 TOULOUSE","0611118634","af.dric@yahoo.fr","4115309910","41153099100016","2",139989,31,"52"
"AMOROS LUCIEN","https://www.qualibat.com/resultat-de-la-recherche/amoros-lucien-99847","EN CRUZEL, 31290 TREBONS SUR LA GRASSE","0561818952","lamoros@wanadoo.fr","3322136440","33221364400039","1",41000,31,"52"
"ALAOUI ABDELFATTAH","https://www.qualibat.com/resultat-de-la-recherche/alaoui-abdelfattah-164269","17 IMPASSE  RENE FONCK PAV 31, 31300 TOULOUSE","0669733149","alaplomberie@gmail.com","8116931910","81169319100025","1",147881,31,"52"
"COMTE GAZ","https://www.qualibat.com/resultat-de-la-recherche/comte-gaz-143825","6 IMPASSE DIDIER DAURAT , 31400 TOULOUSE","0561483983","romain.comtegaz@gmail.com","5339730200","53397302000027","12",1230000,31,"52"
"ENERGESIA","https://www.qualibat.com/resultat-de-la-recherche/energesia-172238","7 ROUTE DE BESSIERES, 31240 L'UNION","0562248458","contact@energesia.fr","5234457730","52344577300022","10",950000,31,"52"
"CALDERIA MAINTENANCE","https://www.qualibat.com/resultat-de-la-recherche/calderia-maintenance-123590","594 B ROUTE DE FRONTON, 31340 VACQUIERS","0534264605","calderia.maintenance@wanadoo.fr","4381665300","43816653000016","5",330000,31,"52"
"BEZES JEAN PASCAL - SANITHERM","https://www.qualibat.com/resultat-de-la-recherche/bezes-jean-pascal---sanitherm-116300","6 IMPASSE DU PIC DES TROIS SEIGNEURS, 31860 PINS JUSTARET","0609717712","sanitherm31@free.fr","4013378030","40133780300019","1",104548,31,"52"
"RAYNALD PLOMBERIE SARL","https://www.qualibat.com/resultat-de-la-recherche/raynald-plomberie-sarl-123935","202 PLACE DU VILLAGE, 31330 ST CEZERT","0688044566","fred.raynald@orange.fr","7530347190","75303471900025","1",64216,31,"52"
"ROSSI SEBASTIEN","https://www.qualibat.com/resultat-de-la-recherche/rossi-sebastien-141340","116 CHEMIN DE BEL AIR, 31530 MONTAIGUT SUR SAVE","0561854196","rossiseb@hotmail.fr","5224972390","52249723900015","5",478446,31,"52"
"ERIC TAURAND PLOMBERIE SARL","https://www.qualibat.com/resultat-de-la-recherche/eric-taurand-plomberie-sarl-151361","21 B CHEMIN DE GAHETE, 31700 MONDONVILLE","","taurand.eric@orange.fr","4993287060","49932870600027","1",78721,31,"52"
"JACK BERNAGAUD SERVICES","https://www.qualibat.com/resultat-de-la-recherche/jack-bernagaud-services-129504","14 CHEMIN DE LA CHASSE, 31770 COLOMIERS","0561780193","jbser@orange.fr","5336509820","53365098200028","2",158125,31,"52"
"SAUVESTRE SEBASTIEN","https://www.qualibat.com/resultat-de-la-recherche/sauvestre-sebastien-180205","53 ESP ANDRE MAURETTE, 31410 ST SULPICE SUR LEZE","0675236440","sauvestre.sebastien@wanadoo.fr","8474977320","84749773200010","1",85593,31,"52"
"D.PIBAROT","https://www.qualibat.com/resultat-de-la-recherche/d-pibarot-141552","LOCAL N°5 ZA LE GRAND 17 CHEMIN DU PLATEAU DE LA SERRE, 31140 PECHBONNIEU","0561091591","contact@dpibarot.com","8098062010","80980620100020","11",1250000,31,"52"
"D.P.C. SERVICES (DIOGO PLOMBERIE CHAUFFAGE SERVICES)","https://www.qualibat.com/resultat-de-la-recherche/d-p-c-services-diogo-plomberie-chauffage-services--103258","687 CHEMIN DE BORDEVIEILLE, 31790 ST SAUVEUR","0623803981","diogo.dpcservices@gmail.com","4892959150","48929591500024","2",128791,31,"52"
"CONFORT MAINTENANCE SERVICES","https://www.qualibat.com/resultat-de-la-recherche/confort-maintenance-services-150668","16 RUE PAULE RAYMONDIS, 31200 TOULOUSE","0534304931","sophie.azema@cmstoulouse.fr","3835044870","38350448700034","17",1480000,31,"52"
"XAVIER VITTINI","https://www.qualibat.com/resultat-de-la-recherche/xavier-vittini-142311","36 RUE DE LA PAIX, 31790 ST SAUVEUR","0616836073","xavier.vittini@orange.fr","4887930010","48879300100014","1",40000,31,"52"
"ATELIERS DE VIC (SARL)","https://www.qualibat.com/resultat-de-la-recherche/ateliers-de-vic-sarl--5746","RUE DE LA TECHNIQUE N°11 ZI DE VIC, 31320 CASTANET TOLOSAN","0561272671","administratif@ateliersdevic.fr","3445708410","34457084100025","15",3240000,31,"52"
"PLOMBERIE 31","https://www.qualibat.com/resultat-de-la-recherche/plomberie-31-155457","12 RUE PAULIN TALABOT, 31100 TOULOUSE","0567763569","plomberie31@gmail.com","7520492470","75204924700022","1",205688,31,"52"
"MUNIERA PLOMBERIE","https://www.qualibat.com/resultat-de-la-recherche/muniera-plomberie-129519","2 RUE DOMINIQUE INGRES, 31120 PORTET SUR GARONNE","0669933158","munieraplomberie@gmail.com","5293643660","52936436600029","1",119502,31,"52"
"EURL BRUNO","https://www.qualibat.com/resultat-de-la-recherche/eurl-bruno-137886","12 ROUTE D'ESCALQUENS ZI DE VIC, 31320 CASTANET TOLOSAN","0699023131","contact@eurlbruno.fr","5128863000","51288630000015","2",108957,31,"52"
"ENGIE HOME SERVICES","https://www.qualibat.com/resultat-de-la-recherche/engie-home-services-117023","5 RUE D'HELIOS  ZAC BALMA , 31240 L'UNION","0562891900","herve.hias@engie.com","3013405840","30134058406670","25",2990000,31,"52"
"DIAZ SERVICES","https://www.qualibat.com/resultat-de-la-recherche/diaz-services-135133","CIDEX 3571 IMPASSE CARBOUNEL, 31840 AUSSONNE","0562210672","diaz.patrick@orange.fr","4928176140","49281761400018","2",142576,31,"52"
"ASTRUC OLIVIER","https://www.qualibat.com/resultat-de-la-recherche/astruc-olivier-144171","16 F ROUTE DE ST CAPRAIS, 31790 ST JORY","0659646719","eurl.astruc.olivier@gmail.com","5314980950","53149809500029","1",82988,31,"52"
"SEDEC","https://www.qualibat.com/resultat-de-la-recherche/sedec-5567","15 RUE SAINT-PE, 31260 SALEICH","0561905422","sedec-chaubet@outlook.fr","5472801230","54728012300019","30",3040000,31,"52"
"HUGO LES BONS TUYAUX","https://www.qualibat.com/resultat-de-la-recherche/hugo-les-bons-tuyaux-148830","LE DURIOU, 31430 SENARENS","0664628522","ioudje@yahoo.fr","5253065930","52530659300019","1",118526,31,"52"
"ERIC THOMAS SERVICES","https://www.qualibat.com/resultat-de-la-recherche/eric-thomas-services-117704","3 LOT LA LOTGE, 31450 MONTGISCARD","0607387863","ericthomas31@wanadoo.fr","5039514850","50395148500013","2",257419,31,"52"
"AMBITHERM","https://www.qualibat.com/resultat-de-la-recherche/ambitherm-95876","27 CHEMIN DES MOLES, 31120 PINSAGUEL","0561735844","contact@ambitherm.fr","4513267710","45132677100032","12",1640000,31,"52"
"AREMA ENERGIES","https://www.qualibat.com/resultat-de-la-recherche/arema-energies-164517","1 PLACE PIERRE MENDES FRANCE LE DORVAL, 31400 TOULOUSE","0952007000","p.attal@arema-energies.fr","5151935480","51519354800036","15",5640000,31,"52"
"MARTINEL LAURENT","https://www.qualibat.com/resultat-de-la-recherche/martinel-laurent-120467","LIEU DIT  COUFINALS DE CADENAC, 31540 ST FELIX LAURAGAIS","0689831923","martinplombier@gmail.com","5088367230","50883672300017","1",128000,31,"52"
"NRGEO EURL","https://www.qualibat.com/resultat-de-la-recherche/nrgeo-eurl-184488","2 IMP D'HELIOS, 31240 L'UNION","0561110007","olivier.merit@nrgeo-mp.fr","5152215210","51522152100021","6",609641,31,"52"
"AJS ENERGIE","https://www.qualibat.com/resultat-de-la-recherche/ajs-energie-172787","1 PLACE ALFRED SAUVY, 31270 CUGNAUX","0582957229","contact@ajs-energie.fr","8337483530","83374835300020","12",2220000,31,"52"
"T.P.S. TOULOUSE PREFABRICATION SANITAIRE","https://www.qualibat.com/resultat-de-la-recherche/t-p-s-toulouse-prefabrication-sanitaire-5565","9 RUE DE LA PRODUCTION ZI DE VIC, 31320 CASTANET TOLOSAN","0561278182","contact@sastps.fr","3482884730","34828847300021","11",3550000,31,"52"
"SANTANGELO EMMANUEL","https://www.qualibat.com/resultat-de-la-recherche/santangelo-emmanuel-189511","56 CHE PORTE DE CERS, 31290 AVIGNONET LAURAGAIS","0609803822","pcm.santangelo@orange.fr","4217112500","42171125000025","1",80541,31,"52"
"MGECO SAS","https://www.qualibat.com/resultat-de-la-recherche/mgeco-sas-171325","12 AVENUE VICTOR HUGO, 31600 SEYSSES","0622204394","mgeco@mgeco.fr","8191039040","81910390400028","1",84275,31,"52"
"ADIS 31","https://www.qualibat.com/resultat-de-la-recherche/adis-31-122166","226 CHEMIN DES PRIEURS, 31620 CASTELNAU D'ESTRETEFONDS","0561134747","contact@adis31.fr","4929517280","49295172800020","2",226647,31,"52"
"CABARTIER","https://www.qualibat.com/resultat-de-la-recherche/cabartier-161692","39 AVENUE DE LABRIOULETTE, 31220 CAZERES","0561972591","sascabartier@outlook.com","8201117630","82011176300018","3",210440,31,"52"
"WITEC ENTREPRISE","https://www.qualibat.com/resultat-de-la-recherche/witec-entreprise-131113","2 RUE PAUL LANGEVIN, 31600 MURET","0979028668","contact-witec@orange.fr","4500547390","45005473900047","4",538129,31,"52"
"AT' BROTHERS","https://www.qualibat.com/resultat-de-la-recherche/at-brothers-175732","3 IMPASSE DU CANALET, 31170 TOURNEFEUILLE","0669005205","atschit.brothers@gmail.com","8407459880","84074598800013","2",278354,31,"52"
"SN BALMOISSIERE ET MIQUEL-CF2P","https://www.qualibat.com/resultat-de-la-recherche/sn-balmoissiere-et-miquel-cf2p-161268","CHEMIN DE BURGES, 31210 AUSSON","0561957289","balmiq.contact@gmail.com","8207170640","82071706400019","10",1100000,31,"52"
"OLIVEIRA DE ARAUJO PATRICIO","https://www.qualibat.com/resultat-de-la-recherche/oliveira-de-araujo-patricio-137019","21 AV MARCEL LANGER, 31400 TOULOUSE","0981087160","contact@inter-gaz.com","4439596710","44395967100035","6",417428,31,"52"
"BELMONTE J. ET FILS (S.A.R.L.)","https://www.qualibat.com/resultat-de-la-recherche/belmonte-j-et-fils-s-a-r-l--71101","23 RUE D'ARIANE, 31240 L'UNION","0561809561","contact@belmonteetfils.com","3212515060","32125150600028","13",965000,31,"52"
"SGE ENTREPRISE GIORDANINO","https://www.qualibat.com/resultat-de-la-recherche/sge-entreprise-giordanino-111806","3 RUE PAUL SABATIER Z.A. LE CASQUE, 31270 CUGNAUX","0561076739","sge-entreprise@wanadoo.fr","4245767590","42457675900015","6",448461,31,"52"
"ANGLADE BERNARD","https://www.qualibat.com/resultat-de-la-recherche/anglade-bernard-98602","43 RUE DE LA MAIRIE, 31260 CASSAGNE","0561975758","b-anglade@laposte.net","3949655860","39496558600016","3",198071,31,"52"
"BELLUZZO LATGE","https://www.qualibat.com/resultat-de-la-recherche/belluzzo-latge-5266","24 RUE ARISTIDE BERGES ZONE INDUSTRIELLE ""LE CASQUE"", 31270 CUGNAUX","0561492930","belluzzo-latge@wanadoo.fr","7108002360","71080023600048","18",1020000,31,"52"
"EIFFAGE ENERGIE SYSTEMES SUD-OUEST","https://www.qualibat.com/resultat-de-la-recherche/eiffage-energie-systemes-sud-ouest-98815","1 ALLÉE DES PIONNIERS DE LAÉROPOSTALE , 31400 TOULOUSE","0562166072","ees-so.toulouse@eiffage.com","3887391790","38873917900199","470",57070000,31,"52"
"COTE PAVEE CHAUFFAGE ET CLIMATISATION","https://www.qualibat.com/resultat-de-la-recherche/cote-pavee-chauffage-et-climatisation-178736","6 RUE JOSEPH SAGET, 31400 TOULOUSE","0641879733","sasu.cpc@gmail.com","8434036760","84340367600011","1",110000,31,"52"
"E.D.G","https://www.qualibat.com/resultat-de-la-recherche/e-d-g-97224","11 CHEMIN DE L'ORMEAU, 31770 COLOMIERS","0561303108","contact@isonergie.fr","3995661400","39956614000048","201",11040000,31,"52"
"AP2C","https://www.qualibat.com/resultat-de-la-recherche/ap2c-182288","757 CHE DU MOULIN A VENT, 31620 BOULOC","0669304168","accueil.ap2c@gmail.com","8527294900","85272949000015","1",1,31,"52"
"BERTRAND","https://www.qualibat.com/resultat-de-la-recherche/bertrand-5285","17 AVENUE DE L'URSS, 31400 TOULOUSE","0561538224","bertrand.et.fils@orange.fr","3098344300","30983443000048","10",1090000,31,"52"
"C&S CHAUFFAGE","https://www.qualibat.com/resultat-de-la-recherche/c-s-chauffage-168214","16 RD 813, 31450 MONTGISCARD","0632629576","contact@cschauffage.fr","8047849240","80478492400032","2",247005,31,"52"
"BJ MAINTENANCE THERMIQUE","https://www.qualibat.com/resultat-de-la-recherche/bj-maintenance-thermique-161429","651 RTE DE RIEUMES, 31600 ST CLAR DE RIVIERE","0662245579","bjmt@orange.fr","8212717800","82127178000016","1",130637,31,"52"
"ENTREPRISE JULIEN MONTENON","https://www.qualibat.com/resultat-de-la-recherche/entreprise-julien-montenon-118669","6 RUE DE L'AUBISQUE, 31500 TOULOUSE","0561813688","eurlejm@gmail.com","7533087090","75330870900017","5",472798,31,"52"
"MAGNE ET PALMER","https://www.qualibat.com/resultat-de-la-recherche/magne-et-palmer-154202","6 BIS RUE HENRI TURNER, 31100 TOULOUSE","0534270676","secretariat@magneetpalmer.fr","4990399640","49903996400030","22",2630000,31,"52"
"ETABLISSEMENTS FABRICE LONGEVILLE SARL","https://www.qualibat.com/resultat-de-la-recherche/etablissements-fabrice-longeville-sarl-172476","80 CHE LAPUJADE, 31200 TOULOUSE","0685962931","f.longeville@orange.fr","8341534390","83415343900015","3",549033,31,"52"
"DAZET LAURENT","https://www.qualibat.com/resultat-de-la-recherche/dazet-laurent-154469","37 RUE RIQUET, 31000 TOULOUSE","0681409633","entreprisedazet@gmail.com","4535253390","45352533900025","4",306131,31,"52"
"BOUCHER JOEL","https://www.qualibat.com/resultat-de-la-recherche/boucher-joel-136509","40 CHEMIN DES RIVES, 31410 ST SULPICE SUR LEZE","0561973811","boucherj@wanadoo.fr","4412294730","44122947300018","2",164089,31,"52"
"CHAUD FROID 31","https://www.qualibat.com/resultat-de-la-recherche/chaud-froid-31-177971","13 LOTISSEMENT LE VILLAGE, 31840 AUSSONNE","0620274511","chaudfroid31@gmail.com","8484567780","84845677800010","1",134606,31,"52"
"SUD TRAVAUX","https://www.qualibat.com/resultat-de-la-recherche/sud-travaux-167619","4 IMPASSE DU PONT, 31140 LAUNAGUET","0561200300","sudtravaux31@gmail.com","8218094230","82180942300022","6",1120000,31,"52"
"ALBAREDE ELECTRICITE","https://www.qualibat.com/resultat-de-la-recherche/albarede-electricite-178597","9024B ROUTE DE CASTELNAUDARY, 31250 REVEL","0561830218","sarlalbarede@orange.fr","3848304690","38483046900050","6",519000,31,"52"
"RICAUD DANIEL ENTREPRISE","https://www.qualibat.com/resultat-de-la-recherche/ricaud-daniel-entreprise-122151","65 IMPASSE TIMBAL ZA DU CHATEAU D'EAU, 31340 VACQUIERS","0680107477","etsricaud@hotmail.com","3189021600","31890216000031","2",98854,31,"52"
"VITELEC","https://www.qualibat.com/resultat-de-la-recherche/vitelec-164106","10 CHE DE BORDENEUVE, 31170 TOURNEFEUILLE","0664897409","entreprisevitelec@gmail.com","4518084300","45180843000024","3",271000,31,"52"
"ART PLOMBERIE","https://www.qualibat.com/resultat-de-la-recherche/art-plomberie-178768","LA CAMAVE ZI LA CAMAVE, 31290 VILLEFRANCHE DE LAURAGAIS","0561242877","art.plomberie31@outlook.fr","8279108290","82791082900015","8",751144,31,"52"
"BARANES DANIEL CHAUFFAGE ET BAINS SARL","https://www.qualibat.com/resultat-de-la-recherche/baranes-daniel-chauffage-et-bains-sarl-133418","41 RUE DE CAUMONT, 31500 TOULOUSE","0534258181","baranesdaniel31@gmail.com","4951907530","49519075300014","3",224585,31,"52"
"ADT ASSISTANCE DEPANNAGE","https://www.qualibat.com/resultat-de-la-recherche/adt-assistance-depannage-120455","71 AVENUE JEAN CHAUBET, 31500 TOULOUSE","0561248985","adt31@orange.fr","4786792770","47867927700036","9",807580,31,"52"
"EURL JASKO","https://www.qualibat.com/resultat-de-la-recherche/eurl-jasko-162000","37 BD DE JOFFRERY, 31600 MURET","0562230397","regelec.muret@gmail.com","8219436280","82194362800015","3",307291,31,"52"
"DE FREITAS JEAN PAUL","https://www.qualibat.com/resultat-de-la-recherche/de-freitas-jean-paul-144166","LIEU DIT SABATOUSE, 31410 MONTAUT","0618850703","defreitas.jp@bbox.fr","4894882880","48948828800023","1",228000,31,"52"
"FRANCIS RAZES (SARL)","https://www.qualibat.com/resultat-de-la-recherche/francis-razes-sarl--5429","110 ROUTE DE TOULOUSE, 31190 AUTERIVE","0561507046","f.razes@orange.fr","4128319270","41283192700030","11",1410000,31,"52"
"RESODO","https://www.qualibat.com/resultat-de-la-recherche/resodo-167754","11 GRANDE RUE, 31450 BAZIEGE","0783830207","resodo31@gmail.com","8115780380","81157803800028","1",119412,31,"52"
"ETS PERUZZO RAYMOND","https://www.qualibat.com/resultat-de-la-recherche/ets-peruzzo-raymond-141095","26 ROUTE D'AX, 31120 PORTET SUR GARONNE","0561722645","contact@peruzzo.fr","4385411120","43854111200027","9",1500000,31,"52"
"CALEOR","https://www.qualibat.com/resultat-de-la-recherche/caleor-139240","177 A ROUTE DE TOULOUSE, 31410 NOE","0684824401","sas.caleor@gmail.com","5308888820","53088888200038","3",211034,31,"52"
"PICAREL SARL","https://www.qualibat.com/resultat-de-la-recherche/picarel-sarl-127067","16 RUE EDMOND ROSTAND, 31200 TOULOUSE","0561996595","contact@picarel.tech","4828152890","48281528900012","1",104872,31,"52"
"ERCS","https://www.qualibat.com/resultat-de-la-recherche/ercs-77841","17 IMPASSE TEYNIER, 31100 TOULOUSE","0561310247","larribere.ercs@free.fr","4145676280","41456762800048","6",683421,31,"52"
"GARANKA SUD OUEST","https://www.qualibat.com/resultat-de-la-recherche/garanka-sud-ouest-12785","2 ALLEE PAUL HARRIS, 31200 TOULOUSE","0562723100","contact-toulouse@garanka.fr","3923606240","39236062400143","8",1480000,31,"52"
"2B PLOMBERIE","https://www.qualibat.com/resultat-de-la-recherche/2b-plomberie-144187","HORGO PAILLO, 31470 ST THOMAS","0778846167","2bplomberie@sfr.fr","7532181220","75321812200038","1",75965,31,"52"
"CLIM LAURAGAIS","https://www.qualibat.com/resultat-de-la-recherche/clim-lauragais-158186","LD LASSERRE, 31360 ST MEDARD","0562013882","clim.lauragais@orange.fr","4909780120","49097801200030","2",294044,31,"52"
"MERLE ALOIS ENTREPRISE","https://www.qualibat.com/resultat-de-la-recherche/merle-alois-entreprise-167670","2 RUE FONTGRANDE, 31130 QUINT FONSEGRIVES","0680763214","contact.merlealois@gmail.com","8275775940","82757759400019","1",168000,31,"52"
"CIDES SARL","https://www.qualibat.com/resultat-de-la-recherche/cides-sarl-131962","243 ROUTE D'ALBI BAL 34, 31200 TOULOUSE","0623642906","cides.sarl@gmail.com","7990744300","79907443000031","1",39509,31,"52"
"CABANETTES FABRICE","https://www.qualibat.com/resultat-de-la-recherche/cabanettes-fabrice-111470","3 RUE DE LA TEULARIE, 31780 CASTELGINEST","0624696125","fab.cab31780@gmail.com","3297956450","32979564500061","1",35149,31,"52"
"FB ENERGIE","https://www.qualibat.com/resultat-de-la-recherche/fb-energie-123901","BATIMENT MARLY 55 AVENUE LOUIS BREGUET, 31400 TOULOUSE","0660813683","contact@fb-energie.fr","5080053860","50800538600034","19",1240000,31,"52"
"ALIBERT ET FILS","https://www.qualibat.com/resultat-de-la-recherche/alibert-et-fils-5904","ROUTE DE LAVERNOSE LE PRIEURE, 31410 LONGAGES","0561874716","alibert@alibert-sa.com","3480815300","34808153000019","66",9800000,31,"52"
"PITUELLO","https://www.qualibat.com/resultat-de-la-recherche/pituello-129680","PARC DE LA TUILLERIE  6 RUE DE LA CHARLETTE , 31810 VENERQUE","","sarlpituello@gmail.com","5106660430","51066604300045","3",433419,31,"52"
"BR SERVICES","https://www.qualibat.com/resultat-de-la-recherche/br-services-134898","1 AVENUE PIERRE DURAND, 31470 FONSORBES","0562481515","contact@br-services.net","5291620180","52916201800038","9",781742,31,"52"
"ENTREPRISE MATHIE","https://www.qualibat.com/resultat-de-la-recherche/entreprise-mathie-101233","2 AVENUE DE GASCOGNE, 31170 TOURNEFEUILLE","0561862839","ent.mathie@wanadoo.fr","4212151950","42121519500049","8",560247,31,"52"
"CONFORT ENERGIE","https://www.qualibat.com/resultat-de-la-recherche/confort-energie-129508","215 ROUTE DE REVEL, 31400 TOULOUSE","0686457333","jeaf@orange.fr","4502220470","45022204700026","11",1070000,31,"52"
"ENGIE ENERGIE SERVICES - TOULOUSE OCCITANIE","https://www.qualibat.com/resultat-de-la-recherche/engie-energie-services---toulouse-occitanie-172039","254 RUE LÉON JOULIN BP 1313, 31106 TOULOUSE CEDEX 1","0557260808","elodie.schgounn@engie.com","5520469550","55204695502627","371",70990000,31,"52"
"ESTEA","https://www.qualibat.com/resultat-de-la-recherche/estea-183773","26 RUE DE LA CITE RADIO, 31810 VERNET","0619688017","estea031@gmail.com","8777629630","87776296300016","1",100688,31,"52"
"PETROLINI STEPHANE","https://www.qualibat.com/resultat-de-la-recherche/petrolini-stephane-136114","30 IMPASSE DES MOUSSERONS, 31110 CIER DE LUCHON","0561794953","petrolini.stephane@orange.fr","7536297240","75362972400018","2",204457,31,"52"
"ERITEC","https://www.qualibat.com/resultat-de-la-recherche/eritec-5745","5 BOULEVARD DU LIBRE ECHANGE, 31650 ST ORENS DE GAMEVILLE","0561398694","contact@eritec.eu","3813649670","38136496700046","13",2120000,31,"52"
"AJM","https://www.qualibat.com/resultat-de-la-recherche/ajm-133409","8 RUE DU GIROU, 31380 GRAGNAGUE","0617944272","jmarcagramunt@gmail.com","4781178230","47811782300029","6",366759,31,"52"
"I.M.C.","https://www.qualibat.com/resultat-de-la-recherche/i-m-c--168327","718 CHEMIN MARCEL DELLA NORA, 31470 SAIGUEDE","0666416132","entrepriseimc@yahoo.fr","8116984970","81169849700013","2",210000,31,"52"
"SAVES BERNARD","https://www.qualibat.com/resultat-de-la-recherche/saves-bernard-133454","647 ROUTE DE RIEUMES, 31370 BERAT","0620471020","savesbernard@gmail.com","7509652870","75096528700014","3",145462,31,"52"
"EMERY SARL","https://www.qualibat.com/resultat-de-la-recherche/emery-sarl-114283","8 RUE DE LA POSTE, 31120 PORTET SUR GARONNE","0561764446","sarl.emery@gmail.com","3290943460","32909434600015","2",295000,31,"52"
"SARL CANIL OLIVIER","https://www.qualibat.com/resultat-de-la-recherche/sarl-canil-olivier-172300","70 RUE DE LA TRAVERSE, 31830 PLAISANCE DU TOUCH","0624890142","olivier.canil@orange.fr","5350793470","53507934700014","2",483009,31,"52"