"Nom entreprise","Site web","Adresse","Telephone","Email","Siren","Siret","Effectif","Chiffre d'affaires","Département","Groupe"
"BERTEAUX LUDOVIC","https://www.qualibat.com/resultat-de-la-recherche/berteaux-ludovic-125132","2 ROUTE D HUMBECOURT LOCAL NUMERO 11, 52290 ECLARON BRAUCOURT STE LIVI","0325566008","berteauxludovic@orange.fr","5100954660","51009546600023","4",187862,52,"71"
"LEBRUN NICOLAS","https://www.qualibat.com/resultat-de-la-recherche/lebrun-nicolas-187161","13 RUE DE LA TACHENERE, 52800 NOGENT","0611243171","lebrun.menuiserie.52@gmail.com","8823971440","88239714400016","1",120000,52,"71"
"NAHO HABITAT","https://www.qualibat.com/resultat-de-la-recherche/naho-habitat-187529","2 PL DU DOCTEUR MICHEL, 52800 FOULAIN","0686864448","nahohabitat@gmail.com","8904531110","89045311100019","1",NaN,52,"71"
"GUILLAUME SARL","https://www.qualibat.com/resultat-de-la-recherche/guillaume-sarl-85724","15 RUE DU VAU, 52250 APREY","0325884908","sarlguillaume@gmail.com","4376348190","43763481900027","5",462634,52,"71"
"TERRATERRE","https://www.qualibat.com/resultat-de-la-recherche/terraterre-160171","2 VIEUX FOURNEAU, 52700 LIFFOL LE PETIT","0631617628","franck.lamy@sarl-terraterre.com","8193489050","81934890500020","5",327000,52,"71"
"POLYSOL","https://www.qualibat.com/resultat-de-la-recherche/polysol-37830","1 AVENUE DU PIEMONT, 52100 VALCOURT","0325555491","polysol.52@orange.fr","3447700290","34477002900082","4",239683,52,"71"
"BERNARD FABRICE","https://www.qualibat.com/resultat-de-la-recherche/bernard-fabrice-111868","HAMEAU DE LA PERRIERE, 52800 NOGENT","0325315968","fabrice.bernard52@orange.fr","4952164910","49521649100011","3",134286,52,"71"
"ENT SOYER SAS","https://www.qualibat.com/resultat-de-la-recherche/ent-soyer-sas-37848","1 RUE DES FOSSES, 52240 CLEFMONT","0325313643","ent-soyer@wanadoo.fr","3841528490","38415284900046","10",1040000,52,"71"
"BAISSEY ISO CONCEPT","https://www.qualibat.com/resultat-de-la-recherche/baissey-iso-concept-92766","1 PLACE DE LA CHAPELLE, 52250 BAISSEY","0325884218","ent.bic@orange.fr","5223964980","52239649800019","3",303082,52,"71"
"AHF 52","https://www.qualibat.com/resultat-de-la-recherche/ahf-52-90503","123 AVENUE D'ALSACE LORRAINE, 52100 SAINT DIZIER","0325561027","ahf52@reseau-ahf.com","4335821780","43358217800011","15",1660000,52,"71"
"DHYEVRE BENOIT EURL","https://www.qualibat.com/resultat-de-la-recherche/dhyevre-benoit-eurl-103488","30 BIS RUE AUDIFFRED MONTIER EN DER, 52220 LA PORTE DU DER","0325042154","benoit.dhyevre@wanadoo.fr","4425178270","44251782700014","7",526016,52,"71"
"ROLEE S.A.R.L.","https://www.qualibat.com/resultat-de-la-recherche/rolee-s-a-r-l--103166","12 RUE DE LA HAIE MONT BRAUX, 52500 FAYL BILLOT","0325886158","accueil@rolee.fr","4289759810","42897598100021","21",1120000,52,"71"
"SIMONS","https://www.qualibat.com/resultat-de-la-recherche/simons-160266","ROUTE N 19, 52800 VESAIGNES SUR MARNE","0325322966","","4049725310","40497253100010","3",236923,52,"71"
"THORREAU","https://www.qualibat.com/resultat-de-la-recherche/thorreau-103674","RD 200 ZA LA FAVIERE, 52000 BRETHENAY","0325321263","sarl.thorreau@gmail.com","4819395360","48193953600035","9",368000,52,"71"
"YANN GIRARDOT CONSTRUCTION","https://www.qualibat.com/resultat-de-la-recherche/yann-girardot-construction-93063","39 ROUTE DE NEUILLY  LIEU DIT LA LEVEE ZI LA VENDUE, 52000 CHAUMONT","0979376542","bazin.nlle@orange.fr","5185791640","51857916400030","15",839761,52,"71"
"PETITJEAN CONSTRU-RENOV","https://www.qualibat.com/resultat-de-la-recherche/petitjean-constru-renov-123367","3 GRANDE RUE, 52400 LANEUVELLE","0325901851","sebastien.petitjean0304@orange.fr","4515024540","45150245400015","2",256615,52,"71"
"CARPIO ISOLATION FACADES CIF","https://www.qualibat.com/resultat-de-la-recherche/carpio-isolation-facades-cif-178188","2 RUE DE L'EUROPE, 52800 MANDRES LA COTE","0325314475","cifacades@sfr.fr","4950169900","49501699000022","6",546540,52,"71"
"NORME PROTEC","https://www.qualibat.com/resultat-de-la-recherche/norme-protec-183030","433 AVENUE DE LA REPUBLIQUE, 52100 SAINT DIZIER","0325081556","normeprotec@gmail.com","8403683690","84036836900012","6",735665,52,"71"
"LES ARTISANS DE LA VALLEE DU ROGNON","https://www.qualibat.com/resultat-de-la-recherche/les-artisans-de-la-vallee-du-rognon-153620","21 RUE ANNE PAGEOT, 52270 ROCHES BETTAINCOURT","0325030838","artisans-vallee-du-rognon@orange.fr","7535524880","75355248800029","3",230737,52,"71"
"MENUISERIES BECART SYLVAIN","https://www.qualibat.com/resultat-de-la-recherche/menuiseries-becart-sylvain-165887","42 GRANDE RUE, 52300 CUREL","0325553129","mbs52@outlook.fr","8251496020","82514960200013","3",589442,52,"71"
"RENARD JACQUES ENTREPRISE","https://www.qualibat.com/resultat-de-la-recherche/renard-jacques-entreprise-37847","ZI DE LA DAME HUGUENOTTE 17 RUE DES FRERES GARNIER, 52000 CHAUMONT","0325321989","renard-peinture@orange.fr","4534356040","45343560400021","34",2730000,52,"71"
"VAL PINGRE","https://www.qualibat.com/resultat-de-la-recherche/val-pingre-144256","21 RUE DE L'AMIRAL DECRES, 52120 CHATEAUVILLAIN","0351551045","lamontre.didier@akeonet.com","3948419770","39484197700033","1",50000,52,"71"
"MV2","https://www.qualibat.com/resultat-de-la-recherche/mv2-152349","30 RUE RIBOT, 52000 CHAUMONT","0980512737","serviceclient@mv2.fr","8122156140","81221561400015","11",1120000,52,"71"
"DESNOUVEAUX SEBASTIEN","https://www.qualibat.com/resultat-de-la-recherche/desnouveaux-sebastien-146259","2 RUE DES PECHERS, 52200 JORQUENAY","0964000123","desnouveaux.sebastien@orange.fr","5242541090","52425410900019","5",298000,52,"71"
"KESSLER","https://www.qualibat.com/resultat-de-la-recherche/kessler-169642","40 RUE DE LA GARE , 52360 NEUILLY L'EVEQUE","0325884162","ent.paris52@gmail.com","8284935020","82849350200029","5",250995,52,"71"
"MENUISERIE HOCQUET","https://www.qualibat.com/resultat-de-la-recherche/menuiserie-hocquet-110719","5 LOTISSEMENT LESPRIT, 52100 SAINT DIZIER","0325555241","menuiserie.hocquet@hotmail.fr","3835165230","38351652300032","11",1340000,52,"71"
"DELTA MULTISERVICES","https://www.qualibat.com/resultat-de-la-recherche/delta-multiservices-172967","13 RUE DU MARECHAL LECLERC, 52800 NOGENT","0325010011","deltamultiservices@orange.fr","8336717790","83367177900019","1",118260,52,"71"
"MAGNIER ARNAUD","https://www.qualibat.com/resultat-de-la-recherche/magnier-arnaud-183611","1 RUE JEAN BOURLIER, 52600 TORCENAY","0325884272","magnierarnaud@hotmail.fr","5315125490","53151254900019","5",482427,52,"71"
"SCODITTI B. SARL","https://www.qualibat.com/resultat-de-la-recherche/scoditti-b-sarl-126534","2 CHEMIN DU GRAND JARDIN, 52300 BLECOURT","0325941466","bernard.scoditti@orange.fr","3919212020","39192120200035","8",554824,52,"71"
"LEGROS SARL","https://www.qualibat.com/resultat-de-la-recherche/legros-sarl-150459","2 ROUTE DE LONGEAU, 52210 ROCHETAILLEE","0325902312","legros-sarl@orange.fr","4935727470","49357274700019","7",915557,52,"71"
"QUENTIN GREGORY","https://www.qualibat.com/resultat-de-la-recherche/quentin-gregory-128713","7 GRANDE RUE, 52230 BETTONCOURT LE HAUT","0325557810","entreprisequentin@sfr.fr","4409176070","44091760700028","1",85630,52,"71"
"GUILLAUME MICKAEL","https://www.qualibat.com/resultat-de-la-recherche/guillaume-mickael-176255","8 RUE BASSE, 52160 CHALANCEY","0607032521","mickael.guillaume52@orange.fr","8143225170","81432251700016","1",25152,52,"71"
"PLANETE PLACO","https://www.qualibat.com/resultat-de-la-recherche/planete-placo-124581","8 RUE DU CHATEAU D'EAU, 52100 PERTHES","0325062534","jgontcharoff@gmail.com","7936856520","79368565200018","1",121565,52,"71"
"ARESCAL","https://www.qualibat.com/resultat-de-la-recherche/arescal-187021","CHEMIN DE LA ROULOTTE, 52200 VOISINES","0788185549","arescal@outlook.fr","8144732600","81447326000028","1",77303,52,"71"
"CREANOV","https://www.qualibat.com/resultat-de-la-recherche/creanov-134467","22 RUE DE CHEVRAUCOURT, 52000 CHAUMONT","0325315993","creanov-entreprise@orange.fr","8027905760","80279057600010","4",286808,52,"71"
"MARIOTTE MICKAEL","https://www.qualibat.com/resultat-de-la-recherche/mariotte-mickael-151028","75 GRANDE RUE, 52300 CUREL","","mickael.mariotte@hotmail.com","8082484960","80824849600016","8",1510000,52,"71"
"PLATRERIE PIOLI SARL","https://www.qualibat.com/resultat-de-la-recherche/platrerie-pioli-sarl-37850","3 RUE DU VAL PONCE, 52008 CHAUMONT CEDEX","0325322901","platrerie.pioli@wanadoo.fr","3348728430","33487284300035","12",1270000,52,"71"
"MAIRE MICHEL","https://www.qualibat.com/resultat-de-la-recherche/maire-michel-101196","145 RUE DU MAL DE LATTRE, 52800 NOGENT","0681081161","d.bournot.michelmaire@gmail.com","4535024780","45350247800028","11",735687,52,"71"
"CHOPARD ANTOINE","https://www.qualibat.com/resultat-de-la-recherche/chopard-antoine-164917","26 RUE PRINCIPALE, 52210 COUPRAY","0325325673","chopard.antoine-macon@orange.fr","8090571930","80905719300017","6",359687,52,"71"
"ENTREPRISE VELARD","https://www.qualibat.com/resultat-de-la-recherche/entreprise-velard-96322","33 RUE DE L'ETANG COUTIN, 52290 HUMBECOURT","0325040006","eurl.velard@orange.fr","3515367430","35153674300013","2",257221,52,"71"
"PARISOT ET COMPAGNIE","https://www.qualibat.com/resultat-de-la-recherche/parisot-et-compagnie-37845","PARC PLEIN EST RUE DE PARIS, 52000 CHAUMONT","0325030420","d.mansard@parisot-projet.com","8461200870","84612008700040","29",7630000,52,"71"
"BC ISOLATIONS","https://www.qualibat.com/resultat-de-la-recherche/bc-isolations-114248","12 RUE DE LA FORGE, 52210 VILLIERS SUR SUIZE","0325029564","brice.canivet52@orange.fr","5182125760","51821257600020","1",127715,52,"71"
"MENUISERIE CHAUMONTAISE","https://www.qualibat.com/resultat-de-la-recherche/menuiserie-chaumontaise-92722","11 ROUTE NATIONALE, 52800 FOULAIN","0325010130","menuiserie.chaumontaise@orange.fr","4319963540","43199635400020","8",1090000,52,"71"
"TRAMPE","https://www.qualibat.com/resultat-de-la-recherche/trampe-99702","ZA DES POMMIERS, 52210 VILLIERS SUR SUIZE","0325014119","accueil@trampe.fr","7887006980","78870069800020","27",3790000,52,"71"
"SG FERMETURES","https://www.qualibat.com/resultat-de-la-recherche/sg-fermetures-148707","11 ROUTE DE BAR LE DUC, 52100 BETTANCOURT LA FERREE","0325049012","sgray@stdizier.fermolor.com","8118157940","81181579400037","4",1110000,52,"71"
"TESTEVUIDE SA","https://www.qualibat.com/resultat-de-la-recherche/testevuide-sa-37849","26 RUE DE LA TUILERIE, 52200 LANGRES","0325871047","testevuide@orange.fr","3229946900","32299469000012","15",1430000,52,"71"
"ROYER THIERRY SAS","https://www.qualibat.com/resultat-de-la-recherche/royer-thierry-sas-92370","3 RUE DU MOULIN, 52230 POISSONS","0325942323","royer.thierry3@wanadoo.fr","4852628510","48526285100010","6",582684,52,"71"
"ENTREPRISE MULLER PERE ET FILS","https://www.qualibat.com/resultat-de-la-recherche/entreprise-muller-pere-et-fils-186963","37 RUE DU ROBINSON, 52100 SAINT DIZIER","0607636649","ent.muller.52100@gmail.com","8884874510","88848745100013","1",1,52,"71"
"INNOV'HABITAT","https://www.qualibat.com/resultat-de-la-recherche/innov-habitat-186623","3 RUE DU CHATEAU D'EAU, 52290 HUMBECOURT","0630429240","bayerbrandon@outlook.fr","8896336810","88963368100016","1",NaN,52,"71"
"VOURIOT DAMIEN","https://www.qualibat.com/resultat-de-la-recherche/vouriot-damien-137708","14 RUE DE VERDUN, 52800 POULANGY","0660797479","damien.vouriot@bbox.fr","5031243980","50312439800010","1",43370,52,"71"
"YUNG BRIOT","https://www.qualibat.com/resultat-de-la-recherche/yung-briot-187823","64 BIS RUE DES RECOLLETS, 52120 CHATEAUVILLAIN","0325329948","yungbriot@orange.fr","8919195810","89191958100019","8",NaN,52,"71"
"FADEL EDDIE","https://www.qualibat.com/resultat-de-la-recherche/fadel-eddie-163380","36 B AVENUE CHARLES BURGEAT, 52170 GOURZON","0325555021","eddie.fadel@orange.fr","8211891150","82118911500016","6",418894,52,"71"
"CAPUT THOMAS","https://www.qualibat.com/resultat-de-la-recherche/caput-thomas-188599","39 RUE DE SAINT BARTHELEMY ROBERT MAGNY, 52220 LA PORTE DU DER","000","thomas.caput@orange.fr","8920542970","89205429700015","1",NaN,52,"71"